video_no,frame,timestamp_ms,good,x0,y0,z0,visibility0,x1,y1,z1,visibility1,x2,y2,z2,visibility2,x3,y3,z3,visibility3,x4,y4,z4,visibility4,x5,y5,z5,visibility5,x6,y6,z6,visibility6,x7,y7,z7,visibility7,x8,y8,z8,visibility8,x9,y9,z9,visibility9,x10,y10,z10,visibility10,x11,y11,z11,visibility11,x12,y12,z12,visibility12,x13,y13,z13,visibility13,x14,y14,z14,visibility14,x15,y15,z15,visibility15,x16,y16,z16,visibility16,x17,y17,z17,visibility17,x18,y18,z18,visibility18,x19,y19,z19,visibility19,x20,y20,z20,visibility20,x21,y21,z21,visibility21,x22,y22,z22,visibility22,x23,y23,z23,visibility23,x24,y24,z24,visibility24,x25,y25,z25,visibility25,x26,y26,z26,visibility26,x27,y27,z27,visibility27,x28,y28,z28,visibility28,x29,y29,z29,visibility29,x30,y30,z30,visibility30,x31,y31,z31,visibility31,x32,y32,z32,visibility32
punch_a_3,1,33,good,0.5337703227996826,0.26751139760017395,0.002153105568140745,0.9999842643737793,0.5354286432266235,0.2494029849767685,-0.01234305091202259,0.9999849796295166,0.5372886657714844,0.24715644121170044,-0.012340630404651165,0.9999885559082031,0.5390796065330505,0.24485397338867188,-0.012377646751701832,0.9999842643737793,0.5328328609466553,0.25167712569236755,0.013296733610332012,0.9999852180480957,0.532754123210907,0.25118350982666016,0.013328381814062595,0.9999845027923584,0.5325950384140015,0.2505366802215576,0.0132859256118536,0.9999843835830688,0.5518642067909241,0.2396242767572403,-0.031805314123630524,0.9999831914901733,0.5405065417289734,0.24564629793167114,0.08334942907094955,0.9999788999557495,0.542080819606781,0.2778695523738861,-0.0010205041617155075,0.9999221563339233,0.538242757320404,0.28197455406188965,0.032152507454156876,0.9999040365219116,0.5918698906898499,0.29934799671173096,-0.07059437781572342,0.9998928308486938,0.538604199886322,0.32777875661849976,0.14484582841396332,0.9997186064720154,0.5497810244560242,0.36223089694976807,-0.11433159559965134,0.9609593152999878,0.49672195315361023,0.4025411307811737,0.04858570173382759,0.910720944404602,0.527435302734375,0.27022048830986023,-0.07593442499637604,0.8816835284233093,0.5047463178634644,0.2996302843093872,-0.1277795433998108,0.9230404496192932,0.521274745464325,0.25505948066711426,-0.08371766656637192,0.8322924375534058,0.5068299174308777,0.27197596430778503,-0.1520925909280777,0.8555868268013,0.528077244758606,0.2512527406215668,-0.0868440791964531,0.8226485252380371,0.5115148425102234,0.2706182897090912,-0.13417373597621918,0.8348416090011597,0.5311049222946167,0.25647544860839844,-0.07431062310934067,0.8003807067871094,0.5135164260864258,0.2770789563655853,-0.1263210028409958,0.8084624409675598,0.5783120393753052,0.5464184880256653,-0.08122258633375168,0.9999114274978638,0.5531794428825378,0.5530237555503845,0.08127506822347641,0.9997361302375793,0.5492252707481384,0.7346602082252502,-0.15479408204555511,0.9246218800544739,0.5543052554130554,0.7230158448219299,0.1344027817249298,0.27866262197494507,0.5381115078926086,0.9485915303230286,-0.2275460809469223,0.9432504177093506,0.5800502896308899,0.896915078163147,0.1823635995388031,0.3605431020259857,0.5401782393455505,0.9746222496032715,-0.23720240592956543,0.9143742918968201,0.5956369042396545,0.9107100963592529,0.18501843512058258,0.4107111692428589,0.49806126952171326,0.9938075542449951,-0.3168242275714874,0.9370787143707275,0.54860919713974,0.9560021162033081,0.14254984259605408,0.48949944972991943
punch_a_3,2,66,good,0.5332692265510559,0.2662217617034912,-0.01590067148208618,0.9999842643737793,0.5355023741722107,0.24839946627616882,-0.028797652572393417,0.9999850392341614,0.5375011563301086,0.24616461992263794,-0.028808632865548134,0.9999884366989136,0.5395796895027161,0.24375489354133606,-0.028863582760095596,0.9999843835830688,0.5327781438827515,0.25080135464668274,-0.005377443041652441,0.999984860420227,0.5326521396636963,0.25040972232818604,-0.005331180989742279,0.9999837875366211,0.5324300527572632,0.24987292289733887,-0.005345241166651249,0.9999839663505554,0.5528907775878906,0.2388967126607895,-0.03866732120513916,0.9999832510948181,0.5401610136032104,0.2456936538219452,0.06862761080265045,0.9999777674674988,0.5420448184013367,0.27644872665405273,-0.01455889455974102,0.9999250769615173,0.5380465984344482,0.28036779165267944,0.01621030643582344,0.9999057054519653,0.5919656157493591,0.2990890145301819,-0.07083524763584137,0.9998990297317505,0.5392595529556274,0.32778334617614746,0.13770000636577606,0.999718427658081,0.5514037013053894,0.3622390329837799,-0.13167649507522583,0.9630479216575623,0.4974779784679413,0.40278691053390503,0.056833814829587936,0.899024248123169,0.5295794606208801,0.2720610499382019,-0.12280920147895813,0.8883469104766846,0.5046707987785339,0.2996998429298401,-0.11179172247648239,0.919134795665741,0.5235751271247864,0.25603175163269043,-0.1310424953699112,0.8414440155029297,0.5067694187164307,0.27235639095306396,-0.1363248974084854,0.851958155632019,0.5309053063392639,0.25125646591186523,-0.13132339715957642,0.8322244882583618,0.5111938118934631,0.270912766456604,-0.12354283034801483,0.8315449357032776,0.5332475900650024,0.2564753592014313,-0.12017431110143661,0.8098607063293457,0.5130624771118164,0.2781626880168915,-0.11245259642601013,0.8049091100692749,0.5774471759796143,0.5471555590629578,-0.08162088692188263,0.9999099969863892,0.5519018173217773,0.553193211555481,0.08165689557790756,0.9997283816337585,0.5492990612983704,0.742588460445404,-0.14350160956382751,0.92838454246521,0.5538126826286316,0.7366482615470886,0.12920984625816345,0.2957591712474823,0.5383018255233765,0.9572510719299316,-0.20567436516284943,0.9464595913887024,0.5784826874732971,0.8972001671791077,0.16282638907432556,0.38933271169662476,0.5444450974464417,0.9793137311935425,-0.21440938115119934,0.9169332385063171,0.5934051275253296,0.9193066358566284,0.1640215665102005,0.4390564262866974,0.49734851717948914,1.0081510543823242,-0.2952100932598114,0.9407426118850708,0.54276043176651,0.955680787563324,0.12416017800569534,0.5170680284500122
punch_a_3,3,100,good,0.5327112674713135,0.26621928811073303,-0.012089689262211323,0.9999816417694092,0.5355510711669922,0.24839457869529724,-0.025634536519646645,0.9999826550483704,0.5377163290977478,0.24616603553295135,-0.025637324899435043,0.9999862909317017,0.540080726146698,0.24376091361045837,-0.02568202279508114,0.999982476234436,0.532714307308197,0.25078365206718445,-0.001555758179165423,0.999980092048645,0.5325860381126404,0.25039997696876526,-0.0015066784108057618,0.9999774098396301,0.5323673486709595,0.24986828863620758,-0.0015283954562619328,0.9999787211418152,0.5534995794296265,0.23878812789916992,-0.033358827233314514,0.9999798536300659,0.5402590036392212,0.24538260698318481,0.07015206664800644,0.9999692440032959,0.5420026183128357,0.27637770771980286,-0.012978030368685722,0.9999211430549622,0.5378032922744751,0.2799958884716034,0.019244948402047157,0.9998958110809326,0.5916903614997864,0.2990606725215912,-0.06050820276141167,0.9999063014984131,0.5412319898605347,0.3277936577796936,0.13697399199008942,0.9996870756149292,0.5498711466789246,0.36220523715019226,-0.11089537292718887,0.9652589559555054,0.49835601449012756,0.4052599370479584,0.09381106495857239,0.8740617036819458,0.5280606746673584,0.2746421694755554,-0.11174574494361877,0.8956025242805481,0.5047184824943542,0.30597183108329773,-0.028351442888379097,0.9067633748054504,0.5217551589012146,0.2569071650505066,-0.1135614886879921,0.851354718208313,0.506802499294281,0.27894532680511475,-0.04813378304243088,0.839340090751648,0.5295748710632324,0.25264909863471985,-0.11251233518123627,0.8427942395210266,0.5111554861068726,0.27680903673171997,-0.040077514946460724,0.8195483684539795,0.5325155854225159,0.25828513503074646,-0.10741999745368958,0.8211639523506165,0.5129982829093933,0.2827587425708771,-0.02968873642385006,0.7923821806907654,0.5753794312477112,0.548236608505249,-0.081594318151474,0.9999006986618042,0.5509448647499084,0.553196132183075,0.08163109421730042,0.9996609091758728,0.5494396686553955,0.7516971826553345,-0.1287032514810562,0.931886613368988,0.5533179044723511,0.7422865033149719,0.11432687193155289,0.3097665309906006,0.5383415222167969,0.9664454460144043,-0.19554691016674042,0.9491220116615295,0.5739244818687439,0.9046400189399719,0.12769658863544464,0.4092769920825958,0.5449609756469727,0.9855015277862549,-0.20409022271633148,0.9181989431381226,0.5884989500045776,0.9220446944236755,0.12747904658317566,0.46226856112480164,0.49519094824790955,1.009481430053711,-0.2801247537136078,0.9434643983840942,0.5413269400596619,0.9550999402999878,0.09490557014942169,0.539395809173584
punch_a_3,4,133,good,0.5325853824615479,0.2666504383087158,-0.0013184346025809646,0.9999754428863525,0.5356482863426208,0.24849924445152283,-0.012037013657391071,0.9999769926071167,0.5379557013511658,0.24620595574378967,-0.012067092582583427,0.9999815821647644,0.5404638051986694,0.2437758892774582,-0.012148862704634666,0.9999780654907227,0.5326811075210571,0.2511890232563019,0.008376437239348888,0.9999686479568481,0.532537579536438,0.2509137690067291,0.008470633067190647,0.999962329864502,0.5322996377944946,0.2505512833595276,0.008456697687506676,0.9999657273292542,0.5539573431015015,0.23871493339538574,-0.017132941633462906,0.9999722838401794,0.5402888059616089,0.2458142638206482,0.07583842426538467,0.9999503493309021,0.5421208739280701,0.27642783522605896,0.0009178150212392211,0.9999077320098877,0.5378037095069885,0.2800906002521515,0.02829309180378914,0.9998699426651001,0.5914071202278137,0.2990495264530182,-0.044533487409353256,0.9999128580093384,0.5427507162094116,0.3281586468219757,0.1370602548122406,0.9996301531791687,0.5474520921707153,0.36231040954589844,-0.0849476009607315,0.9671301245689392,0.4988335072994232,0.4064674377441406,0.12544845044612885,0.8459236025810242,0.5266258120536804,0.27540886402130127,-0.07157841324806213,0.901838481426239,0.5048648715019226,0.30842480063438416,0.034435831010341644,0.8912741541862488,0.5211253762245178,0.25692644715309143,-0.07336018979549408,0.8599890470504761,0.5074500441551208,0.28048935532569885,0.017895007506012917,0.8235711455345154,0.5291724801063538,0.2520217001438141,-0.07628932595252991,0.8520376682281494,0.5116814970970154,0.27766451239585876,0.025237256661057472,0.8045197129249573,0.5322453379631042,0.2582245171070099,-0.06936036795377731,0.8311960697174072,0.5136845707893372,0.283235639333725,0.03346918523311615,0.7767446637153625,0.573561429977417,0.5485631227493286,-0.07959543168544769,0.9998936653137207,0.5495906472206116,0.5531850457191467,0.07966246455907822,0.999588131904602,0.5496630072593689,0.7518011331558228,-0.13000810146331787,0.9358354210853577,0.551934003829956,0.7412957549095154,0.10540369898080826,0.3242662250995636,0.5387447476387024,0.9680039286613464,-0.20293304324150085,0.9517080783843994,0.5730471014976501,0.9052662253379822,0.10835553705692291,0.4252260625362396,0.5472003817558289,0.9872698783874512,-0.21191760897636414,0.9195787310600281,0.5871039032936096,0.9232120513916016,0.10721458494663239,0.4814017713069916,0.4947252571582794,1.0317479372024536,-0.2887047827243805,0.9459255933761597,0.5393604636192322,0.9551020860671997,0.07947644591331482,0.5582691431045532
punch_a_3,5,166,good,0.5325366854667664,0.26668256521224976,-0.0031832775566726923,0.9999639987945557,0.5358227491378784,0.2484973818063736,-0.01222983468323946,0.9999665021896362,0.5382713079452515,0.24619516730308533,-0.012268549762666225,0.9999723434448242,0.5408958196640015,0.24376274645328522,-0.012358658947050571,0.9999698400497437,0.5326658487319946,0.25119417905807495,0.006865922827273607,0.9999470114707947,0.5324798822402954,0.25093263387680054,0.006952284835278988,0.9999332427978516,0.5321827530860901,0.2505963444709778,0.006939178332686424,0.9999412894248962,0.554233968257904,0.2386476844549179,-0.015638478100299835,0.9999540448188782,0.5402665734291077,0.24600982666015625,0.07435198128223419,0.999910295009613,0.5421412587165833,0.27645450830459595,0.0008122751605696976,0.9998796582221985,0.5376708507537842,0.2801045775413513,0.026098744943737984,0.9998204112052917,0.5912996530532837,0.2990756928920746,-0.040604040026664734,0.9999175667762756,0.5431309342384338,0.3281739354133606,0.13122203946113586,0.9995331168174744,0.5464296936988831,0.3620193898677826,-0.07954292744398117,0.9687827229499817,0.49973657727241516,0.4067690670490265,0.11945075541734695,0.8193442225456238,0.525749921798706,0.27524539828300476,-0.06355313956737518,0.9079281091690063,0.5057777166366577,0.30819278955459595,0.03473580628633499,0.875046968460083,0.5207424759864807,0.25591906905174255,-0.0667567104101181,0.8683435320854187,0.5083974003791809,0.2805151641368866,0.018597053363919258,0.8067948818206787,0.5291345119476318,0.2490127831697464,-0.06844715774059296,0.8610020279884338,0.5130724310874939,0.2776249349117279,0.025601020082831383,0.7882065176963806,0.532134473323822,0.257099986076355,-0.06124987453222275,0.8410050272941589,0.514743447303772,0.2835609018802643,0.0340636782348156,0.7595245838165283,0.5727788805961609,0.5485453009605408,-0.0763019323348999,0.9998863935470581,0.5490518808364868,0.5522580742835999,0.07641588151454926,0.9994891881942749,0.5497937798500061,0.7506129741668701,-0.13100142776966095,0.9387924075126648,0.5516753792762756,0.7376105785369873,0.10700284689664841,0.3350561857223511,0.5393074154853821,0.9664111137390137,-0.2052687108516693,0.9542667865753174,0.5734884142875671,0.8879923224449158,0.12119599431753159,0.44142115116119385,0.5481883883476257,0.9866139888763428,-0.21465079486370087,0.9217941761016846,0.5874748229980469,0.9132305383682251,0.12140287458896637,0.5001519322395325,0.4975084662437439,1.0260342359542847,-0.2922256886959076,0.9487199187278748,0.5415080189704895,0.9511781930923462,0.09477787464857101,0.5781399011611938
punch_a_3,6,200,good,0.5324870347976685,0.2665269672870636,-0.0018584072822704911,0.9999575614929199,0.5359728932380676,0.24812638759613037,-0.011158543638885021,0.9999605417251587,0.5384988784790039,0.2458101361989975,-0.011194152757525444,0.9999673366546631,0.5411399602890015,0.24342437088489532,-0.011280309408903122,0.9999648928642273,0.5326845049858093,0.25086918473243713,0.008113041520118713,0.9999358654022217,0.5325003266334534,0.250597208738327,0.008201069198548794,0.9999194741249084,0.5322040915489197,0.2502806782722473,0.008191226050257683,0.9999295473098755,0.5544945597648621,0.2380630224943161,-0.01694592274725437,0.9999449253082275,0.5403243899345398,0.2457229644060135,0.07462337613105774,0.9998926520347595,0.542144775390625,0.2759610414505005,0.001466861111111939,0.9998629689216614,0.5376558303833008,0.2794443964958191,0.026921262964606285,0.9997940063476562,0.5909183025360107,0.29893630743026733,-0.0452374629676342,0.9999226927757263,0.5434480905532837,0.32695725560188293,0.13281412422657013,0.9994940161705017,0.5441625118255615,0.36201298236846924,-0.08071526139974594,0.9704924821853638,0.5002844333648682,0.40878409147262573,0.1089199110865593,0.8010931015014648,0.5235524773597717,0.2765837013721466,-0.05344672128558159,0.9130622744560242,0.5063552260398865,0.3084024488925934,-0.001183582586236298,0.8655017614364624,0.5194190144538879,0.25625377893447876,-0.05705270916223526,0.8752217888832092,0.5089528560638428,0.281290739774704,-0.019751138985157013,0.796826183795929,0.5277552008628845,0.2507396638393402,-0.0598774291574955,0.8684011697769165,0.5136805176734924,0.2788371443748474,-0.010145389474928379,0.7787087559700012,0.5308778285980225,0.2579662501811981,-0.05129316821694374,0.8490378260612488,0.515152096748352,0.28530949354171753,-0.0013323407620191574,0.7491581439971924,0.5722033977508545,0.5484306216239929,-0.07655244320631027,0.9998794198036194,0.5484856367111206,0.5517531037330627,0.07665925472974777,0.9994295835494995,0.5494796633720398,0.7498067021369934,-0.13237474858760834,0.9410238265991211,0.5512577295303345,0.737013578414917,0.10894934833049774,0.3382270932197571,0.5398861169815063,0.9666457772254944,-0.2075396627187729,0.9557316899299622,0.5733057260513306,0.8910630345344543,0.1254158914089203,0.44850730895996094,0.5490829944610596,0.987372636795044,-0.21700063347816467,0.9226858615875244,0.5874421000480652,0.9125087261199951,0.12565799057483673,0.5134221315383911,0.49938881397247314,1.0246796607971191,-0.29361119866371155,0.9502962231636047,0.5415737628936768,0.9508007168769836,0.09836229681968689,0.5901263952255249
punch_a_3,7,233,good,0.5326863527297974,0.2665139138698578,-0.0003676696796901524,0.999951958656311,0.5366786122322083,0.2481083869934082,-0.00840248167514801,0.9999558329582214,0.539254903793335,0.24579332768917084,-0.008437851443886757,0.9999634027481079,0.5419042706489563,0.24341170489788055,-0.008533508516848087,0.9999614357948303,0.5329901576042175,0.2508275508880615,0.009619815275073051,0.9999269247055054,0.5327396988868713,0.2505396604537964,0.009718409739434719,0.9999074339866638,0.5323736667633057,0.2502092123031616,0.009716923348605633,0.9999187588691711,0.554942786693573,0.23807579278945923,-0.005773062352091074,0.9999397993087769,0.5402028560638428,0.24595604836940765,0.07782956957817078,0.9998782873153687,0.5423380136489868,0.2757478356361389,0.005305835977196693,0.9998547434806824,0.5377061367034912,0.2791352868080139,0.028969736769795418,0.9997771382331848,0.5905219316482544,0.2986550033092499,-0.03732013702392578,0.9999285936355591,0.5433656573295593,0.32734668254852295,0.13855890929698944,0.999444842338562,0.544230043888092,0.36202898621559143,-0.07591427117586136,0.9722439050674438,0.5010801553726196,0.41194117069244385,0.1069786325097084,0.7777062654495239,0.5207450985908508,0.28461265563964844,-0.05235246196389198,0.9181458950042725,0.5070507526397705,0.3099224269390106,-0.009963859803974628,0.8523919582366943,0.5174874663352966,0.2624092698097229,-0.056478556245565414,0.8819969296455383,0.5097216963768005,0.28153547644615173,-0.029512107372283936,0.7842183113098145,0.5234073400497437,0.25749847292900085,-0.05742233246564865,0.8756847977638245,0.5144433379173279,0.27972766757011414,-0.019100893288850784,0.7664891481399536,0.5266570448875427,0.2666449248790741,-0.049334216862916946,0.8569731116294861,0.5156645178794861,0.2858755886554718,-0.009899561293423176,0.7357156276702881,0.5714353919029236,0.5479952692985535,-0.07651972025632858,0.9998805522918701,0.5477495789527893,0.5507931709289551,0.07662830501794815,0.9993788003921509,0.5482642650604248,0.7493849992752075,-0.14487691223621368,0.9441305994987488,0.5502217411994934,0.7331597805023193,0.1111878976225853,0.33706018328666687,0.5400575995445251,0.9693335890769958,-0.2500554025173187,0.9575244784355164,0.5740410685539246,0.8805409669876099,0.12953631579875946,0.44482657313346863,0.5492642521858215,0.9907369017601013,-0.26067179441452026,0.9236351251602173,0.5877761244773865,0.9060125350952148,0.13007742166519165,0.5174037218093872,0.49945399165153503,1.0224311351776123,-0.3319939970970154,0.9519582390785217,0.5417611002922058,0.9465541839599609,0.10200008749961853,0.5920640826225281
punch_a_3,8,266,good,0.5327039957046509,0.2666202783584595,0.004492465872317553,0.9999457001686096,0.536689817905426,0.24813565611839294,-0.003746957518160343,0.9999510645866394,0.5392531752586365,0.24583640694618225,-0.003780458588153124,0.9999592304229736,0.5418921113014221,0.24348576366901398,-0.003881844226270914,0.9999581575393677,0.5329892039299011,0.25083285570144653,0.014782181940972805,0.999917209148407,0.5327350497245789,0.2505404055118561,0.01488752756267786,0.9998931884765625,0.532360851764679,0.2502085566520691,0.014886757358908653,0.9999064207077026,0.5549097061157227,0.23834247887134552,-0.003561122575774789,0.9999338388442993,0.5400440096855164,0.2463415414094925,0.08313290774822235,0.9998604655265808,0.5423241853713989,0.27582448720932007,0.009418409317731857,0.9998430013656616,0.5377023220062256,0.27914679050445557,0.033851854503154755,0.9997537136077881,0.589357316493988,0.2988666892051697,-0.038705483078956604,0.999933660030365,0.543782114982605,0.32864007353782654,0.14560583233833313,0.9993700981140137,0.5395000576972961,0.36309221386909485,-0.06902093440294266,0.97383052110672,0.5022162795066833,0.4138772785663605,0.13476917147636414,0.7491124272346497,0.5179890394210815,0.2842281758785248,-0.030516568571329117,0.922796368598938,0.507102370262146,0.3104754090309143,0.048163603991270065,0.8329298496246338,0.5157424807548523,0.2607569694519043,-0.0338754877448082,0.8882275819778442,0.5097317695617676,0.28253233432769775,0.032778285443782806,0.7652077674865723,0.5212436318397522,0.2567742168903351,-0.03560738265514374,0.8824090957641602,0.5145010948181152,0.2805183529853821,0.03891962766647339,0.747904896736145,0.5240148901939392,0.2663896381855011,-0.027538497000932693,0.8643012046813965,0.5156629085540771,0.28609517216682434,0.04708718881011009,0.7162519693374634,0.5707070231437683,0.5479734539985657,-0.07733316719532013,0.9998816251754761,0.5478159189224243,0.5507913827896118,0.07746009528636932,0.9993227124214172,0.5450489521026611,0.7496681213378906,-0.15541723370552063,0.9467094540596008,0.5488713979721069,0.7306812405586243,0.12420611828565598,0.33025357127189636,0.540112316608429,0.9708758592605591,-0.26406341791152954,0.9587226510047913,0.5742744207382202,0.878661572933197,0.1468587964773178,0.43465232849121094,0.5497990250587463,0.9931461811065674,-0.27453574538230896,0.9244169592857361,0.5880230069160461,0.9044750928878784,0.14850403368473053,0.5161163806915283,0.49754685163497925,1.0217121839523315,-0.3423594534397125,0.9530177712440491,0.5417565107345581,0.9451488852500916,0.13484959304332733,0.5885742902755737
punch_a_3,9,300,good,0.5327029824256897,0.269474059343338,0.009689655154943466,0.999944269657135,0.5367003679275513,0.25048092007637024,0.0024940308649092913,0.9999502897262573,0.5392695069313049,0.24808867275714874,0.002466646721586585,0.9999583959579468,0.5419009327888489,0.2456732541322708,0.0023710846435278654,0.9999577403068542,0.5329782366752625,0.25307512283325195,0.02048891969025135,0.9999151229858398,0.5327109694480896,0.2526341378688812,0.02057843841612339,0.9998897314071655,0.5323162078857422,0.2521739900112152,0.020578784868121147,0.9999033808708191,0.5548945665359497,0.24036698043346405,0.00675708195194602,0.9999328255653381,0.5398237705230713,0.24849972128868103,0.08980252593755722,0.9998574256896973,0.5422543287277222,0.27798333764076233,0.01535741612315178,0.9998430609703064,0.53750079870224,0.2812454104423523,0.03897977992892265,0.9997518658638,0.588995635509491,0.30032920837402344,-0.02893078699707985,0.9999388456344604,0.543757975101471,0.3300535976886749,0.14771226048469543,0.9993532299995422,0.5387271046638489,0.36342886090278625,-0.06879597157239914,0.9754457473754883,0.502608060836792,0.41699764132499695,0.1220317929983139,0.7303224205970764,0.5169965028762817,0.2835610806941986,-0.04027556627988815,0.9278281927108765,0.507209837436676,0.3142838478088379,0.036117132753133774,0.8246346712112427,0.5146359801292419,0.261355459690094,-0.045323800295591354,0.8950274586677551,0.5096998810768127,0.2867799699306488,0.00862456951290369,0.7582689523696899,0.5201442241668701,0.2565577030181885,-0.04646996408700943,0.8896973133087158,0.5144635438919067,0.2840702533721924,0.00454255286604166,0.7412300705909729,0.5228171944618225,0.265873521566391,-0.037325672805309296,0.8723087906837463,0.5155524611473083,0.28840065002441406,0.029578467831015587,0.7087833285331726,0.5708532333374023,0.5475763082504272,-0.07604894042015076,0.9998871684074402,0.547539472579956,0.550533652305603,0.07619918137788773,0.9993253350257874,0.5417968034744263,0.7415940165519714,-0.16680116951465607,0.9498109221458435,0.5470372438430786,0.7238845229148865,0.12412665784358978,0.3299849331378937,0.5401397347450256,0.9673184156417847,-0.28237050771713257,0.9605720639228821,0.5743950605392456,0.872631311416626,0.14692188799381256,0.4319862425327301,0.5498113036155701,0.9926673173904419,-0.2931285798549652,0.9269236326217651,0.5878131985664368,0.8971110582351685,0.14868007600307465,0.5202250480651855,0.49754592776298523,1.0355298519134521,-0.35872575640678406,0.954922616481781,0.5428565144538879,0.9448135495185852,0.13403232395648956,0.590130090713501
punch_a_3,10,333,good,0.5297054648399353,0.27479663491249084,0.025649279356002808,0.9999449849128723,0.5341777801513672,0.2558949589729309,0.016521036624908447,0.9999512434005737,0.5368794798851013,0.2535492479801178,0.016501974314451218,0.9999592900276184,0.5396568179130554,0.25097575783729553,0.016415122896432877,0.9999584555625916,0.5303934216499329,0.2579929232597351,0.03697489947080612,0.9999164342880249,0.5302578210830688,0.25735464692115784,0.03705005347728729,0.999890923500061,0.5300427079200745,0.2567606270313263,0.03704356402158737,0.9999039173126221,0.5538111925125122,0.2447323054075241,0.015699444338679314,0.9999343752861023,0.539170503616333,0.25261634588241577,0.10967358946800232,0.999859094619751,0.5395176410675049,0.28435516357421875,0.02946719154715538,0.9998474717140198,0.5347672700881958,0.28700369596481323,0.056432172656059265,0.9997575879096985,0.5889891386032104,0.30337440967559814,-0.02086518332362175,0.9999436736106873,0.5437353253364563,0.3323177099227905,0.1643584668636322,0.9993598461151123,0.5371781587600708,0.3673199415206909,-0.07350102066993713,0.9767613410949707,0.5025564432144165,0.4166124165058136,0.1211785227060318,0.7172921895980835,0.5160530805587769,0.28309693932533264,-0.057114508002996445,0.9314938187599182,0.5065366625785828,0.31444084644317627,0.005359093192964792,0.8154852390289307,0.5137999057769775,0.2613099217414856,-0.06990888714790344,0.9001257419586182,0.5092155337333679,0.286432683467865,-0.01585349626839161,0.7492807507514954,0.5195377469062805,0.2557884752750397,-0.06895197927951813,0.8953023552894592,0.5138989090919495,0.28391391038894653,-0.008467907086014748,0.7327507138252258,0.5221587419509888,0.26536938548088074,-0.054053034633398056,0.8781311511993408,0.5148548483848572,0.28834694623947144,0.003541909623891115,0.6998250484466553,0.570966362953186,0.5494410991668701,-0.0769120380282402,0.9998949766159058,0.5460530519485474,0.5531013607978821,0.077130988240242,0.9993487000465393,0.5363345742225647,0.7339044809341431,-0.22118976712226868,0.9534571766853333,0.5458260774612427,0.7238547801971436,0.1543559432029724,0.3226585388183594,0.5390685796737671,0.9669924378395081,-0.35594356060028076,0.9627653360366821,0.5693252086639404,0.8807898759841919,0.21444323658943176,0.4243411719799042,0.5486326217651367,0.992110550403595,-0.3686586320400238,0.9300627112388611,0.5841904282569885,0.8972914218902588,0.2187337875366211,0.520555853843689,0.4924587607383728,1.0461024045944214,-0.4458980858325958,0.9572730660438538,0.5407382845878601,0.9450078010559082,0.1933269202709198,0.5839214324951172
punch_a_3,11,367,good,0.5283031463623047,0.27577078342437744,0.022453436627984047,0.9999444484710693,0.5325947403907776,0.25657889246940613,0.01442707423120737,0.999951183795929,0.535395085811615,0.25397101044654846,0.014408552087843418,0.9999590516090393,0.5382565259933472,0.25121408700942993,0.014329635538160801,0.9999582171440125,0.5287653803825378,0.2591767907142639,0.03382973000407219,0.9999164938926697,0.5287200212478638,0.25871792435646057,0.03389644995331764,0.9998897314071655,0.5286113023757935,0.25824978947639465,0.033880166709423065,0.99990314245224,0.5527029633522034,0.24460488557815552,0.018655171617865562,0.9999333024024963,0.5381581783294678,0.25358372926712036,0.10659290105104446,0.9998591542243958,0.5387438535690308,0.2848193645477295,0.027382126078009605,0.9998501539230347,0.533910870552063,0.28784051537513733,0.05307590961456299,0.9997621178627014,0.5889114141464233,0.30480363965034485,-0.009305025450885296,0.9999473094940186,0.5427590012550354,0.33578163385391235,0.15990521013736725,0.9993682503700256,0.537513792514801,0.36801275610923767,-0.07597633451223373,0.9775170683860779,0.49711883068084717,0.416325181722641,0.11634624004364014,0.7173844575881958,0.5155338644981384,0.28282061219215393,-0.09116539359092712,0.9344990849494934,0.5019596815109253,0.3146096169948578,-0.005091120954602957,0.8183544874191284,0.5122106671333313,0.26119089126586914,-0.105251744389534,0.9043751358985901,0.5039246082305908,0.28645211458206177,-0.0265145692974329,0.7525109052658081,0.518680989742279,0.25570419430732727,-0.10145842283964157,0.8998792767524719,0.5076949000358582,0.28419575095176697,-0.018468361347913742,0.7363278865814209,0.5215543508529663,0.26513949036598206,-0.08795692771673203,0.8828569650650024,0.5093017816543579,0.29004335403442383,-0.0063022528775036335,0.7030258774757385,0.5706111192703247,0.5506734251976013,-0.0739213228225708,0.9999021887779236,0.5446087718009949,0.5547938346862793,0.0741916373372078,0.9993670582771301,0.5356036424636841,0.7316277027130127,-0.22834709286689758,0.9567123651504517,0.5440648198127747,0.7219469547271729,0.16153249144554138,0.31966516375541687,0.5382071137428284,0.9653705954551697,-0.3730599284172058,0.9650028347969055,0.5697616338729858,0.8671286702156067,0.23672069609165192,0.42026644945144653,0.5475707650184631,0.9916087985038757,-0.3870949149131775,0.933101236820221,0.5845306515693665,0.8856845498085022,0.24284107983112335,0.5226975679397583,0.4925136864185333,1.044744610786438,-0.4693225622177124,0.9596583843231201,0.5434663891792297,0.9424780011177063,0.21861669421195984,0.5826259255409241
punch_a_3,12,400,good,0.5284745693206787,0.27447599172592163,0.0217913705855608,0.9999482035636902,0.5327051281929016,0.2552604377269745,0.011036744341254234,0.9999545812606812,0.5354862809181213,0.25266656279563904,0.011019648052752018,0.999961793422699,0.5383275151252747,0.24990686774253845,0.01094118133187294,0.9999609589576721,0.5286789536476135,0.2583204507827759,0.03214222937822342,0.999922513961792,0.5284627676010132,0.2581040859222412,0.03220145031809807,0.9998974204063416,0.5281661152839661,0.2578379213809967,0.032164670526981354,0.9999099373817444,0.5526681542396545,0.24364174902439117,0.0331437923014164,0.9999380111694336,0.537197470664978,0.2528461515903473,0.1079387441277504,0.9998689889907837,0.5388209819793701,0.2836650311946869,0.025903495028614998,0.9998611807823181,0.5339824557304382,0.28680452704429626,0.05009977146983147,0.9997797012329102,0.589054524898529,0.3056359887123108,0.012008268386125565,0.9999513030052185,0.5406525135040283,0.33546164631843567,0.16287894546985626,0.999401330947876,0.5416402220726013,0.36846432089805603,-0.07177324593067169,0.9785757660865784,0.49103814363479614,0.4112958610057831,0.09006480127573013,0.724890410900116,0.5158875584602356,0.2825371026992798,-0.09464523941278458,0.9385254383087158,0.49365466833114624,0.3112693130970001,-0.08304278552532196,0.8266977071762085,0.511905312538147,0.2611027657985687,-0.10650943219661713,0.9097761511802673,0.4963117837905884,0.2851022183895111,-0.11122715473175049,0.7627825736999512,0.5187772512435913,0.25564152002334595,-0.09980499744415283,0.9055898189544678,0.49963822960853577,0.28288930654525757,-0.0990445464849472,0.7471377849578857,0.5218380093574524,0.2649215757846832,-0.08997580409049988,0.8890131711959839,0.5018786787986755,0.2889516055583954,-0.08337672054767609,0.7149534821510315,0.5702906847000122,0.5506348013877869,-0.06992049515247345,0.999908983707428,0.5427708029747009,0.554787814617157,0.07013094425201416,0.9993929862976074,0.5354097485542297,0.7259215712547302,-0.22225171327590942,0.9592311978340149,0.5410264730453491,0.7206534147262573,0.14227741956710815,0.32002687454223633,0.5372033715248108,0.9626519083976746,-0.36778366565704346,0.9665828347206116,0.5661529898643494,0.8800951242446899,0.17264670133590698,0.41717830300331116,0.5462504029273987,0.9897704124450684,-0.3816196322441101,0.9339012503623962,0.5826625227928162,0.8953328728675842,0.17443351447582245,0.5223307013511658,0.4927355647087097,1.032057523727417,-0.4646735191345215,0.9613925218582153,0.53983074426651,0.9466115832328796,0.14075228571891785,0.5788609385490417
punch_a_3,13,433,good,0.527697741985321,0.26781776547431946,0.019340096041560173,0.9999516606330872,0.5321411490440369,0.24891845881938934,0.014524555765092373,0.9999575018882751,0.5349611639976501,0.24650835990905762,0.014495404437184334,0.9999640583992004,0.5379413962364197,0.24405206739902496,0.014424044638872147,0.9999634027481079,0.5277024507522583,0.2521686255931854,0.03141440823674202,0.9999279975891113,0.527194082736969,0.25221288204193115,0.03145822510123253,0.999904215335846,0.5266081094741821,0.2521471083164215,0.031434305012226105,0.9999160766601562,0.5526702404022217,0.24108931422233582,0.04867841303348541,0.9999417066574097,0.5349075794219971,0.24930165708065033,0.11494739353656769,0.9998764395713806,0.537718653678894,0.2778019905090332,0.030020348727703094,0.9998709559440613,0.5324150323867798,0.2805863916873932,0.05056271329522133,0.9997947216033936,0.5892899632453918,0.3062686026096344,0.019020015373826027,0.9999542832374573,0.5342123508453369,0.33290719985961914,0.16818910837173462,0.9994118809700012,0.5504509210586548,0.3697375953197479,-0.0828460231423378,0.9797677993774414,0.4855674207210541,0.40041086077690125,0.08028023689985275,0.7360700368881226,0.516162633895874,0.28277722001075745,-0.14432744681835175,0.9431999325752258,0.4797215461730957,0.29527097940444946,-0.10819952934980392,0.8360531330108643,0.5105350017547607,0.26156383752822876,-0.16463981568813324,0.9160594940185547,0.4801296591758728,0.2701995074748993,-0.13904519379138947,0.774252712726593,0.5159454941749573,0.2558295428752899,-0.1516466587781906,0.9121373891830444,0.48509877920150757,0.2660829722881317,-0.13273903727531433,0.7592334151268005,0.5196696519851685,0.26468318700790405,-0.13817761838436127,0.8961227536201477,0.4876437187194824,0.2735278904438019,-0.11179730296134949,0.7288894653320312,0.5702182650566101,0.5511751174926758,-0.06769145280122757,0.9999123811721802,0.5404597520828247,0.5555695295333862,0.0679093450307846,0.9993835687637329,0.5351596474647522,0.7248706221580505,-0.22599194943904877,0.9600691795349121,0.540921151638031,0.7229785323143005,0.14209194481372833,0.31462040543556213,0.5368224382400513,0.9613665342330933,-0.362409770488739,0.9666299223899841,0.5633653998374939,0.8875492811203003,0.2044144719839096,0.4064430594444275,0.5451359152793884,0.9850894212722778,-0.3767329752445221,0.9310195446014404,0.5776923894882202,0.9101622700691223,0.20878304541110992,0.5140114426612854,0.4938484728336334,1.024073600769043,-0.47196391224861145,0.9618222713470459,0.5386001467704773,0.9505964517593384,0.16558393836021423,0.5678730010986328
punch_a_3,14,467,good,0.5256597995758057,0.2622416019439697,0.017902417108416557,0.9999556541442871,0.5305829644203186,0.2436000406742096,0.013561487197875977,0.9999609589576721,0.5337247848510742,0.2413007915019989,0.013540397398173809,0.9999668598175049,0.53709477186203,0.23911452293395996,0.013472003862261772,0.9999662637710571,0.5254193544387817,0.24715407192707062,0.02996647171676159,0.9999341368675232,0.5246164202690125,0.24751785397529602,0.030011223629117012,0.9999122619628906,0.5237547755241394,0.24773147702217102,0.029989583417773247,0.9999232292175293,0.5526734590530396,0.23816882073879242,0.04371160268783569,0.9999461770057678,0.5312217473983765,0.24715599417686462,0.11187257617712021,0.9998867511749268,0.5360404253005981,0.2731134295463562,0.02898029237985611,0.9998816847801208,0.5297022461891174,0.2760681211948395,0.04945145174860954,0.9998119473457336,0.5893220901489258,0.30664607882499695,0.01758045330643654,0.9999566078186035,0.5275366306304932,0.33038195967674255,0.16508236527442932,0.9994372129440308,0.5564764738082886,0.3696726858615875,-0.08452388644218445,0.9809060096740723,0.4694076478481293,0.3785325884819031,0.0768023356795311,0.7549664378166199,0.5189875364303589,0.28294843435287476,-0.1477835476398468,0.9473585486412048,0.46287810802459717,0.27381420135498047,-0.10323753952980042,0.8487767577171326,0.5130746364593506,0.26203715801239014,-0.16661694645881653,0.9214951992034912,0.4612208306789398,0.24920722842216492,-0.13279734551906586,0.7901036143302917,0.5166012048721313,0.25592026114463806,-0.15474770963191986,0.9177777767181396,0.4662681221961975,0.24411985278129578,-0.12607619166374207,0.7760394811630249,0.520013153553009,0.2645008862018585,-0.14212313294410706,0.9022023677825928,0.4689602851867676,0.25421687960624695,-0.10654663294553757,0.7480184435844421,0.5694338083267212,0.5511845350265503,-0.06467057019472122,0.9999144077301025,0.5389397144317627,0.5558690428733826,0.06482290476560593,0.9993762969970703,0.5357452034950256,0.7235333323478699,-0.2134280651807785,0.9613292813301086,0.5411377549171448,0.7230042815208435,0.1405773013830185,0.3110591769218445,0.536711573600769,0.9599748253822327,-0.34846070408821106,0.9673252701759338,0.5645560622215271,0.8880197405815125,0.19504529237747192,0.3939416706562042,0.5446875691413879,0.9832699298858643,-0.3629847764968872,0.9302315711975098,0.5788084268569946,0.9027737379074097,0.19856993854045868,0.5055425763130188,0.4969728887081146,1.0196880102157593,-0.45745065808296204,0.9622278213500977,0.5403788685798645,0.9508369565010071,0.15784887969493866,0.5525615811347961
punch_a_3,15,500,good,0.5248205065727234,0.2550388276576996,0.02573603205382824,0.9999597668647766,0.5300427675247192,0.23636315762996674,0.024489808827638626,0.9999644756317139,0.5333245396614075,0.2340926080942154,0.024485457688570023,0.9999698400497437,0.5369501113891602,0.23179280757904053,0.024439476430416107,0.9999693036079407,0.5241948366165161,0.2405661940574646,0.0401545949280262,0.9999402165412903,0.5232511758804321,0.24098163843154907,0.04017571359872818,0.9999203085899353,0.5222629904747009,0.24115413427352905,0.04014861583709717,0.9999302625656128,0.5526580214500427,0.23158763349056244,0.052900850772857666,0.9999509453773499,0.5290530323982239,0.24086295068264008,0.12341520935297012,0.9998971223831177,0.5358555912971497,0.2655417025089264,0.03834313899278641,0.9998925924301147,0.5290932655334473,0.2691971957683563,0.058693114668130875,0.9998292922973633,0.5897179245948792,0.30647140741348267,0.01714494824409485,0.9999598264694214,0.5232774019241333,0.31895220279693604,0.17691953480243683,0.9994727969169617,0.5566123723983765,0.3755587637424469,-0.07857129722833633,0.982301652431488,0.4598613381385803,0.35337987542152405,0.1435675323009491,0.7772664427757263,0.5200779438018799,0.28299808502197266,-0.13216054439544678,0.9520453810691833,0.4441801607608795,0.24715732038021088,0.024882741272449493,0.8628148436546326,0.513171911239624,0.2619984745979309,-0.1507413685321808,0.9281087517738342,0.4366317093372345,0.2208888977766037,0.0023538460955023766,0.8085907101631165,0.5169429183006287,0.25549405813217163,-0.1429782658815384,0.9246786236763,0.4397985637187958,0.21600349247455597,0.0010644241701811552,0.7957742810249329,0.5201787948608398,0.26279687881469727,-0.1278863102197647,0.9101083874702454,0.44328567385673523,0.22354210913181305,0.019069412723183632,0.7703325748443604,0.569459080696106,0.5516100525856018,-0.06521902233362198,0.9999182224273682,0.5369064211845398,0.5558812022209167,0.0653802901506424,0.999392032623291,0.5360956788063049,0.7316808700561523,-0.2134515941143036,0.963198721408844,0.5414029955863953,0.7299085855484009,0.14536741375923157,0.3089847266674042,0.5367688536643982,0.9611304402351379,-0.35350653529167175,0.9685831069946289,0.5652671456336975,0.8868497014045715,0.21090365946292877,0.3820907473564148,0.5448238849639893,0.9843260645866394,-0.3687485158443451,0.9315109848976135,0.5774814486503601,0.9082687497138977,0.21513590216636658,0.49593645334243774,0.49838441610336304,1.0196731090545654,-0.46671992540359497,0.9633079767227173,0.5398525595664978,0.9496899843215942,0.1731063276529312,0.540552020072937
punch_a_3,16,533,good,0.5248610377311707,0.24608713388442993,0.00541659677401185,0.9999628067016602,0.5301831364631653,0.22726671397686005,0.005052939988672733,0.9999668598175049,0.5334050059318542,0.2254183143377304,0.0050417231395840645,0.9999718070030212,0.5370212197303772,0.22360491752624512,0.0050127641297876835,0.999971330165863,0.5242008566856384,0.2313455045223236,0.020316261798143387,0.9999443888664246,0.5231000781059265,0.2317725270986557,0.020295096561312675,0.9999256134033203,0.521863579750061,0.23209646344184875,0.020259816199541092,0.9999349117279053,0.5526610612869263,0.22478336095809937,0.040244948118925095,0.999954104423523,0.527489960193634,0.23276406526565552,0.10423105210065842,0.999903678894043,0.5359422564506531,0.25688180327415466,0.01897520199418068,0.9999010562896729,0.5287954211235046,0.2606291174888611,0.03891254588961601,0.9998420476913452,0.5897324681282043,0.3046398162841797,-0.006404540967196226,0.9999615550041199,0.5199816823005676,0.3084588050842285,0.16973000764846802,0.9994911551475525,0.5561550855636597,0.3801197409629822,-0.11490027606487274,0.9834869503974915,0.45399224758148193,0.33438971638679504,0.15707962214946747,0.7965352535247803,0.520315945148468,0.28336647152900696,-0.18113571405410767,0.9562093019485474,0.42310985922813416,0.2309529185295105,0.07201516628265381,0.8748294711112976,0.5130856037139893,0.2619835436344147,-0.2036615014076233,0.9339786767959595,0.41141974925994873,0.20673982799053192,0.055646248161792755,0.8241055607795715,0.5162854790687561,0.2551521956920624,-0.19244875013828278,0.930794894695282,0.4127494990825653,0.2014930248260498,0.04477919265627861,0.8125659823417664,0.5198934078216553,0.2622094750404358,-0.17624932527542114,0.9170249700546265,0.41699233651161194,0.20824581384658813,0.06231893599033356,0.7896404266357422,0.5691055059432983,0.5515965819358826,-0.06781639158725739,0.999915361404419,0.5341100096702576,0.5552822351455688,0.06790618598461151,0.9993719458580017,0.5368586182594299,0.7404861450195312,-0.20326240360736847,0.9628089666366577,0.541526198387146,0.7320125699043274,0.14454922080039978,0.3034510910511017,0.5367801189422607,0.9602261185646057,-0.30646103620529175,0.969168484210968,0.5657328367233276,0.88362056016922,0.226949080824852,0.37378114461898804,0.5449407696723938,0.9811674952507019,-0.31899356842041016,0.9314839839935303,0.5768228769302368,0.9082759022712708,0.23299525678157806,0.4882102906703949,0.5002649426460266,1.0135658979415894,-0.4250732958316803,0.9639917612075806,0.5397899746894836,0.946033239364624,0.18707118928432465,0.5322456359863281
punch_a_3,17,567,good,0.5279217958450317,0.23982030153274536,-0.0014885000418871641,0.9999657869338989,0.535107433795929,0.22058622539043427,0.0017168743070214987,0.9999690055847168,0.539264976978302,0.21937784552574158,0.0017064525745809078,0.9999735355377197,0.5433424115180969,0.21834024786949158,0.0016751241637393832,0.9999730587005615,0.5261127352714539,0.22433796525001526,0.014553346671164036,0.9999482035636902,0.5239193439483643,0.22506751120090485,0.014546144753694534,0.9999304413795471,0.5220128297805786,0.22575999796390533,0.014507264830172062,0.9999392032623291,0.5549314022064209,0.22083744406700134,0.04123413562774658,0.9999566674232483,0.5274550914764404,0.22778624296188354,0.10120407491922379,0.9999102354049683,0.5386238694190979,0.2527075707912445,0.016139566898345947,0.9999090433120728,0.5289524793624878,0.25522440671920776,0.0326199047267437,0.9998552799224854,0.5897922515869141,0.3047166168689728,0.00405319407582283,0.9999626278877258,0.5164427161216736,0.29870304465293884,0.16267737746238708,0.9995265603065491,0.555420458316803,0.38587111234664917,-0.11015179008245468,0.984484851360321,0.4486929178237915,0.3083125352859497,0.1609826683998108,0.8148312568664551,0.5205928683280945,0.2833285629749298,-0.20103082060813904,0.9599484205245972,0.4037012457847595,0.22014276683330536,0.08031381666660309,0.8863645792007446,0.5134062170982361,0.2607565224170685,-0.22695952653884888,0.9393015503883362,0.3844793736934662,0.19904151558876038,0.06348640471696854,0.8396620750427246,0.5164777040481567,0.2527138590812683,-0.21490725874900818,0.9363600611686707,0.3865666389465332,0.19344568252563477,0.04669037088751793,0.829397976398468,0.5200142860412598,0.2600395381450653,-0.19745415449142456,0.9234662652015686,0.39295870065689087,0.1991897076368332,0.06788502633571625,0.8088714480400085,0.5689063668251038,0.5515837073326111,-0.06178424507379532,0.9999144673347473,0.5306922793388367,0.5548397302627563,0.061859942972660065,0.9993779063224792,0.538843035697937,0.7426542639732361,-0.17843547463417053,0.9642042517662048,0.5416186451911926,0.7322649359703064,0.12225274741649628,0.32171109318733215,0.5367976427078247,0.9595882892608643,-0.27009305357933044,0.9703286290168762,0.5659902095794678,0.8794147372245789,0.21520563960075378,0.3838159739971161,0.5438909530639648,0.9799895286560059,-0.28141433000564575,0.9308208227157593,0.5771631002426147,0.9031168222427368,0.22138096392154694,0.48996347188949585,0.5072761178016663,1.0116007328033447,-0.3802371323108673,0.964768648147583,0.5398429036140442,0.9460942149162292,0.17716754972934723,0.5355623364448547
punch_a_3,18,600,good,0.5297051072120667,0.23531033098697662,-0.09523538500070572,0.999967634677887,0.5374688506126404,0.2150047868490219,-0.08817939460277557,0.9999695420265198,0.5419493913650513,0.21374334394931793,-0.08816854655742645,0.9999736547470093,0.5461035966873169,0.21285271644592285,-0.08821170032024384,0.9999725222587585,0.5271487832069397,0.2191542536020279,-0.07651495188474655,0.9999499917030334,0.5245148539543152,0.22006671130657196,-0.07651485502719879,0.9999322891235352,0.5221361517906189,0.220814049243927,-0.07653770595788956,0.9999400973320007,0.5562483072280884,0.21582192182540894,-0.01810302771627903,0.9999563097953796,0.5271718502044678,0.22275100648403168,0.03303716704249382,0.9999140501022339,0.5403532385826111,0.2497749626636505,-0.06641635298728943,0.9999145269393921,0.5290256142616272,0.2519831359386444,-0.05155668780207634,0.9998653531074524,0.5897802710533142,0.3042336702346802,-0.034269195050001144,0.9999611973762512,0.5140074491500854,0.2877501845359802,0.11688227206468582,0.9995552897453308,0.5562219619750977,0.387081503868103,-0.1792767196893692,0.9853156805038452,0.4422553777694702,0.28996336460113525,0.14976583421230316,0.8313475251197815,0.5209568738937378,0.28325581550598145,-0.316032350063324,0.9631603360176086,0.3846673369407654,0.21289591491222382,0.037565093487501144,0.8964282274246216,0.5134624242782593,0.2607106864452362,-0.3542202115058899,0.9438518285751343,0.36519303917884827,0.19846411049365997,0.018981454893946648,0.8529803156852722,0.5166029334068298,0.25256460905075073,-0.33911049365997314,0.9411417245864868,0.3653278648853302,0.19387012720108032,0.00755327520892024,0.844032347202301,0.5197777152061462,0.2597268223762512,-0.3137107789516449,0.9290040731430054,0.37063828110694885,0.1984858363866806,0.025868864730000496,0.8258092999458313,0.5685921311378479,0.5509735941886902,-0.06195835396647453,0.9999047517776489,0.5297173261642456,0.5521284937858582,0.06203394755721092,0.9993367195129395,0.5398725867271423,0.7459620833396912,-0.1814243048429489,0.9664483666419983,0.5427467823028564,0.7330688834190369,0.1244046539068222,0.33615022897720337,0.5368754863739014,0.9616832733154297,-0.2636556923389435,0.971687376499176,0.5691931843757629,0.8733933568000793,0.2541349530220032,0.39096760749816895,0.5508589148521423,0.9848850965499878,-0.27372053265571594,0.9322013258934021,0.578698456287384,0.898106038570404,0.26313653588294983,0.49423691630363464,0.506343424320221,1.0113829374313354,-0.37621790170669556,0.9655678868293762,0.5401872992515564,0.9438909888267517,0.21286384761333466,0.5360537767410278
punch_a_3,19,633,good,0.531875729560852,0.23202800750732422,-0.10814429074525833,0.9999694228172302,0.5400784611701965,0.2117922604084015,-0.09952782094478607,0.9999701380729675,0.5443953275680542,0.21078036725521088,-0.09952926635742188,0.9999737739562988,0.5484632253646851,0.21011479198932648,-0.09956161677837372,0.9999720454216003,0.5284396409988403,0.21530985832214355,-0.08865989744663239,0.9999518394470215,0.5252930521965027,0.21617190539836884,-0.08867707848548889,0.9999340772628784,0.5224906206130981,0.21687884628772736,-0.08867910504341125,0.9999409317970276,0.5574175715446472,0.21397815644741058,-0.02574317343533039,0.9999555945396423,0.5273004174232483,0.21878600120544434,0.0214960016310215,0.9999171495437622,0.5425329208374023,0.24815331399440765,-0.07828076183795929,0.9999194145202637,0.5293297171592712,0.249642014503479,-0.06460448354482651,0.9998750686645508,0.5896133184432983,0.3040711283683777,-0.04140935465693474,0.9999596476554871,0.5114743113517761,0.2830806374549866,0.10412374883890152,0.9995843172073364,0.5558977723121643,0.3904063105583191,-0.18778224289417267,0.9858685731887817,0.43632662296295166,0.27639925479888916,0.11874548345804214,0.8467398285865784,0.5209418535232544,0.28283965587615967,-0.3253161311149597,0.9660794138908386,0.37312260270118713,0.2180931121110916,0.022364279255270958,0.9055503010749817,0.5133688449859619,0.25927695631980896,-0.3647868037223816,0.9480791687965393,0.35439518094062805,0.206181600689888,0.0034958927426487207,0.8649192452430725,0.5164862275123596,0.2497563660144806,-0.34975114464759827,0.9455990195274353,0.3542945683002472,0.20204252004623413,0.001211274997331202,0.8571692109107971,0.5192862153053284,0.25786125659942627,-0.32334983348846436,0.9341478943824768,0.3585565686225891,0.2060985416173935,0.013391469605267048,0.8410597443580627,0.5676838159561157,0.5510154962539673,-0.06249566003680229,0.9999019503593445,0.5284915566444397,0.551579475402832,0.06259938329458237,0.9993258118629456,0.5415257811546326,0.7488512992858887,-0.18169961869716644,0.9678313136100769,0.5428868532180786,0.7332621812820435,0.13140124082565308,0.3527033030986786,0.5370504260063171,0.9616401791572571,-0.26717743277549744,0.9728599786758423,0.5692736506462097,0.8652248978614807,0.2938106954097748,0.39519017934799194,0.5521498918533325,0.9851443767547607,-0.2774866223335266,0.9329015016555786,0.5788965225219727,0.8886806964874268,0.3065885603427887,0.4921228289604187,0.5096834301948547,1.0088037252426147,-0.3809516131877899,0.9665564894676208,0.5423641204833984,0.9359385967254639,0.2609826326370239,0.5351356863975525
punch_a_3,20,667,good,0.5324916243553162,0.23130448162555695,-0.10609189420938492,0.9999696612358093,0.5407296419143677,0.21114115417003632,-0.09768794476985931,0.9999683499336243,0.5449568629264832,0.21029610931873322,-0.09769293665885925,0.9999716877937317,0.5489481687545776,0.20983724296092987,-0.09773494303226471,0.9999687671661377,0.5288211107254028,0.21393266320228577,-0.08722823113203049,0.9999503493309021,0.525370180606842,0.21463069319725037,-0.0872359350323677,0.9999313950538635,0.5227010250091553,0.2152930349111557,-0.08725543320178986,0.9999372363090515,0.5576035976409912,0.21379511058330536,-0.024573620408773422,0.9999509453773499,0.52690190076828,0.21689185500144958,0.020979933440685272,0.999915599822998,0.5428950786590576,0.24817156791687012,-0.07639898359775543,0.9999202489852905,0.5294898152351379,0.24922949075698853,-0.06327541917562485,0.9998800754547119,0.5895128846168518,0.3041379153728485,-0.03980846330523491,0.999954879283905,0.5099611282348633,0.28017663955688477,0.10298312455415726,0.9996040463447571,0.5554702877998352,0.3913383483886719,-0.17910224199295044,0.9860703349113464,0.43432366847991943,0.26933643221855164,0.10957269370555878,0.8602425456047058,0.5209068059921265,0.28248023986816406,-0.3081955313682556,0.9682850241661072,0.36779817938804626,0.22179412841796875,0.016756581142544746,0.9134311079978943,0.513279378414154,0.2591876983642578,-0.34615790843963623,0.9511350393295288,0.34948620200157166,0.21080249547958374,-0.0022570076398551464,0.8750688433647156,0.5165287852287292,0.24963681399822235,-0.3322194218635559,0.9488393068313599,0.349023699760437,0.20761679112911224,-0.011442351154983044,0.8684653639793396,0.5191280245780945,0.2577999532222748,-0.3063240051269531,0.9378766417503357,0.3534345328807831,0.21195273101329803,0.00821500364691019,0.8543764352798462,0.5669978260993958,0.5505088567733765,-0.06155712530016899,0.9998925924301147,0.5263826251029968,0.5495348572731018,0.061675895005464554,0.9992894530296326,0.5416306853294373,0.7480425834655762,-0.1829172819852829,0.9679280519485474,0.5429611802101135,0.7333709597587585,0.12514306604862213,0.3607569932937622,0.5370669960975647,0.9616122841835022,-0.25881874561309814,0.9726042151451111,0.5685330629348755,0.8653905987739563,0.26424869894981384,0.3907400965690613,0.5517696738243103,0.9853054285049438,-0.2686801552772522,0.9304859042167664,0.5777547359466553,0.8891214728355408,0.274849534034729,0.4852240979671478,0.5095375180244446,1.015400767326355,-0.37203940749168396,0.9653551578521729,0.5423336625099182,0.9363793134689331,0.22695770859718323,0.5229301452636719
punch_a_3,21,700,good,0.5324703454971313,0.23273712396621704,-0.11674144864082336,0.9999696612358093,0.5404520034790039,0.2129942774772644,-0.1082233414053917,0.9999665021896362,0.5445526242256165,0.2120618373155594,-0.10822363197803497,0.9999697208404541,0.5484978556632996,0.21142978966236115,-0.10827112197875977,0.9999655485153198,0.5288209915161133,0.21575318276882172,-0.09709842503070831,0.9999485015869141,0.5254389047622681,0.21638815104961395,-0.0971137136220932,0.9999280571937561,0.5228387713432312,0.2168860286474228,-0.09712278097867966,0.999932587146759,0.5575502514839172,0.21497735381126404,-0.030897067859768867,0.9999468922615051,0.5259860157966614,0.21797145903110504,0.018041741102933884,0.9999131560325623,0.5428813695907593,0.24922911822795868,-0.08500896394252777,0.9999210238456726,0.5293395519256592,0.25044673681259155,-0.07082691788673401,0.9998835921287537,0.5889860987663269,0.3048713207244873,-0.04306187480688095,0.9999521374702454,0.5084226131439209,0.2798648178577423,0.10787196457386017,0.9996179342269897,0.555467963218689,0.3906182050704956,-0.1930765062570572,0.986411988735199,0.4354444742202759,0.27478817105293274,0.1125560998916626,0.8717123866081238,0.5208899974822998,0.2811306118965149,-0.33680737018585205,0.9703624248504639,0.36979740858078003,0.2262772172689438,0.026552477851510048,0.9201390743255615,0.5131720304489136,0.2584950029850006,-0.3763611614704132,0.95411217212677,0.35118117928504944,0.21382462978363037,0.009132025763392448,0.8836241364479065,0.5165271162986755,0.24897867441177368,-0.3607325553894043,0.9519946575164795,0.3499031364917755,0.21059708297252655,-0.013223311863839626,0.8781378865242004,0.5190789699554443,0.256811261177063,-0.3344235420227051,0.9414816498756409,0.35473841428756714,0.21547365188598633,0.011585647240281105,0.8658657073974609,0.5660607218742371,0.549910306930542,-0.06310810893774033,0.9998886585235596,0.525037407875061,0.5479204654693604,0.06323207914829254,0.9992552399635315,0.5412858128547668,0.7478943467140198,-0.2011338621377945,0.96895831823349,0.5430097579956055,0.733343780040741,0.13154883682727814,0.3646771013736725,0.5370519161224365,0.9619981646537781,-0.27254852652549744,0.9735754728317261,0.5685632824897766,0.8642681241035461,0.2822764813899994,0.38490942120552063,0.553420901298523,0.9869173169136047,-0.28158292174339294,0.9307727813720703,0.577875554561615,0.8873480558395386,0.2938353419303894,0.47805917263031006,0.508994460105896,1.0127778053283691,-0.3997049331665039,0.9661924839019775,0.5421120524406433,0.9351196885108948,0.24479879438877106,0.5138208866119385
punch_a_3,22,734,good,0.5311947464942932,0.23416170477867126,-0.08582533895969391,0.9999693632125854,0.5392577648162842,0.21462945640087128,-0.08157654106616974,0.9999647736549377,0.5435867309570312,0.21354737877845764,-0.08157850801944733,0.999967634677887,0.5475108027458191,0.212732195854187,-0.08162253350019455,0.9999626278877258,0.5279971957206726,0.2175002098083496,-0.0684642568230629,0.9999469518661499,0.5249037146568298,0.218079075217247,-0.06847508251667023,0.9999252557754517,0.5224131345748901,0.2185237556695938,-0.06849464774131775,0.9999299049377441,0.5565550923347473,0.21575531363487244,-0.022495245561003685,0.9999428391456604,0.5253829956054688,0.21925164759159088,0.035143181681632996,0.9999125599861145,0.5416610836982727,0.2500235140323639,-0.06107373535633087,0.9999225735664368,0.528107762336731,0.2515013515949249,-0.04434721916913986,0.9998883008956909,0.5887327194213867,0.3052802085876465,-0.04025781527161598,0.9999483227729797,0.507871687412262,0.2817886471748352,0.11458053439855576,0.9996387362480164,0.5554295182228088,0.3900642395019531,-0.19010217487812042,0.9863690137863159,0.43493497371673584,0.27595898509025574,0.11592119187116623,0.8827424645423889,0.5199885964393616,0.2811402678489685,-0.3190319836139679,0.9717290997505188,0.3690004050731659,0.2276688516139984,0.027193037793040276,0.9266548752784729,0.5120742917060852,0.2588168680667877,-0.35609737038612366,0.9559868574142456,0.34857556223869324,0.21498966217041016,0.00928070954978466,0.8921230435371399,0.5158550143241882,0.24935559928417206,-0.340857595205307,0.9539592266082764,0.3494291603565216,0.2120443880558014,-0.014495166949927807,0.8875246047973633,0.5184192061424255,0.2569645047187805,-0.31622540950775146,0.9435749650001526,0.3542453944683075,0.21714061498641968,0.011386624537408352,0.8767784237861633,0.5652944445610046,0.5498812794685364,-0.06374611705541611,0.9998881816864014,0.5241524577140808,0.5479704737663269,0.06388284265995026,0.9992560148239136,0.5402066111564636,0.7477477192878723,-0.21519125998020172,0.9701113104820251,0.5429784655570984,0.7332699298858643,0.1505226194858551,0.37150242924690247,0.5367171168327332,0.9619566798210144,-0.308408260345459,0.9747960567474365,0.5693538188934326,0.8638220429420471,0.3120441436767578,0.38655319809913635,0.5473996996879578,0.9859204292297363,-0.32031723856925964,0.9323468208312988,0.5782409310340881,0.8867548108100891,0.3248588442802429,0.475707471370697,0.5088757276535034,1.011283278465271,-0.4359349012374878,0.9676938652992249,0.543300211429596,0.9346076250076294,0.27694761753082275,0.5143023729324341
punch_a_3,23,767,good,0.5290570259094238,0.2352476865053177,-0.07561788707971573,0.9999696016311646,0.5366699695587158,0.2156420648097992,-0.07191608846187592,0.99996417760849,0.5411091446876526,0.21448534727096558,-0.0719200074672699,0.9999668598175049,0.5454025268554688,0.21355751156806946,-0.07196617126464844,0.9999615550041199,0.5263423323631287,0.2185669243335724,-0.0584757924079895,0.9999465942382812,0.5236445665359497,0.21910543739795685,-0.058478906750679016,0.9999246597290039,0.5211809873580933,0.21953459084033966,-0.05849827080965042,0.9999294877052307,0.5552465915679932,0.21630550920963287,-0.019112855195999146,0.9999416470527649,0.5244828462600708,0.2200554758310318,0.04060564190149307,0.9999139308929443,0.539864182472229,0.250603586435318,-0.05235665664076805,0.9999246001243591,0.5266622304916382,0.252287358045578,-0.03513932228088379,0.999893069267273,0.5883904099464417,0.3055206537246704,-0.0408402644097805,0.9999468326568604,0.5075823068618774,0.28313493728637695,0.11570362746715546,0.9996582865715027,0.5554003119468689,0.38961344957351685,-0.17966631054878235,0.9865630269050598,0.4354153573513031,0.28082937002182007,0.11682108044624329,0.8929592370986938,0.518781304359436,0.28046301007270813,-0.2950713038444519,0.9731652736663818,0.3696199655532837,0.22709150612354279,0.025198640301823616,0.9328807592391968,0.5115272402763367,0.25880876183509827,-0.33008795976638794,0.9579368233680725,0.3512886166572571,0.21513882279396057,0.006875579711049795,0.9005613327026367,0.5157298445701599,0.2493440955877304,-0.3164302408695221,0.9560263156890869,0.3501146733760834,0.21188384294509888,-0.016012074425816536,0.8966842293739319,0.5179890990257263,0.25688084959983826,-0.2925223410129547,0.9459710717201233,0.35478925704956055,0.2169640064239502,0.009686285629868507,0.8872389197349548,0.5646252036094666,0.5484297871589661,-0.06465353071689606,0.9998811483383179,0.523918628692627,0.5468498468399048,0.0647829920053482,0.9992281198501587,0.5394131541252136,0.7463150024414062,-0.21218818426132202,0.9704925417900085,0.5426300764083862,0.7327916622161865,0.14767861366271973,0.37041008472442627,0.5363580584526062,0.9618009328842163,-0.2927495837211609,0.9752615690231323,0.5674172043800354,0.8643864393234253,0.2987736165523529,0.38488370180130005,0.5482194423675537,0.9867163896560669,-0.30355724692344666,0.9327015280723572,0.5755096673965454,0.8870052099227905,0.31271299719810486,0.4719012379646301,0.5062254071235657,1.009816288948059,-0.41347044706344604,0.9680041074752808,0.5413157343864441,0.9347461462020874,0.24981313943862915,0.5093432664871216
punch_a_3,24,800,good,0.5276612639427185,0.23587219417095184,-0.07103370875120163,0.9999703168869019,0.5349190831184387,0.21600626409053802,-0.06873945891857147,0.9999646544456482,0.5393726825714111,0.21479195356369019,-0.06874150782823563,0.999967098236084,0.5438253879547119,0.21375705301761627,-0.06878234446048737,0.9999616742134094,0.5252344012260437,0.21911531686782837,-0.05443339794874191,0.9999474287033081,0.5227152705192566,0.21968182921409607,-0.054442986845970154,0.9999254941940308,0.5201729536056519,0.22017094492912292,-0.05446520820260048,0.9999302625656128,0.5543059706687927,0.21642792224884033,-0.021333081647753716,0.9999419450759888,0.5234342217445374,0.22058986127376556,0.04385540634393692,0.999916136264801,0.5388837456703186,0.25114738941192627,-0.049329064786434174,0.999927282333374,0.5258715152740479,0.25285694003105164,-0.031040435656905174,0.9998977184295654,0.5880027413368225,0.305519700050354,-0.04592803865671158,0.9999456405639648,0.5080265402793884,0.2843022048473358,0.11804486811161041,0.99967360496521,0.5534151196479797,0.38934531807899475,-0.19241715967655182,0.9868541955947876,0.4360875189304352,0.2858395278453827,0.12547865509986877,0.9020968079566956,0.5176531076431274,0.2796344757080078,-0.31853431463241577,0.974905788898468,0.3738764524459839,0.2261916548013687,0.03598044812679291,0.9386258125305176,0.5108610987663269,0.2582131326198578,-0.35479840636253357,0.9604998230934143,0.3550248146057129,0.21530070900917053,0.019047139212489128,0.9084351062774658,0.515152096748352,0.2489042729139328,-0.341457724571228,0.9587196111679077,0.3544100522994995,0.2109978199005127,-0.006342585198581219,0.9051723480224609,0.5172808766365051,0.2562386095523834,-0.31620219349861145,0.9490786790847778,0.3595205247402191,0.21541930735111237,0.019708873704075813,0.89683598279953,0.5638735890388489,0.5479137301445007,-0.06772806495428085,0.9998785257339478,0.5236036777496338,0.5469058752059937,0.06783435493707657,0.9992119669914246,0.5373855829238892,0.746172308921814,-0.20996667444705963,0.9697713255882263,0.5406535267829895,0.7322691082954407,0.1493007242679596,0.3618914484977722,0.5362139940261841,0.9608107805252075,-0.300277441740036,0.9747658371925354,0.5657971501350403,0.8647109866142273,0.2844872772693634,0.36957138776779175,0.5466945171356201,0.9851823449134827,-0.3114987015724182,0.9314771294593811,0.5741277933120728,0.8887472152709961,0.29562461376190186,0.45813676714897156,0.504135251045227,1.010174036026001,-0.4177209138870239,0.9675018787384033,0.5389972925186157,0.931399941444397,0.24573172628879547,0.49244827032089233
punch_a_3,25,834,good,0.5239179730415344,0.23601236939430237,-0.050992824137210846,0.9999716281890869,0.5309463739395142,0.21618972718715668,-0.05571300536394119,0.9999662637710571,0.5352333784103394,0.21482551097869873,-0.05572972819209099,0.9999684691429138,0.5398003458976746,0.21356545388698578,-0.05576864257454872,0.9999635219573975,0.5227428674697876,0.21930666267871857,-0.03775767982006073,0.9999493956565857,0.5206732153892517,0.21985231339931488,-0.03776950761675835,0.9999277591705322,0.5186575651168823,0.22031967341899872,-0.03779991343617439,0.9999327659606934,0.5527804493904114,0.21621891856193542,-0.022810418158769608,0.9999445080757141,0.523232102394104,0.22074241936206818,0.04587024822831154,0.9999198317527771,0.5350432991981506,0.25132235884666443,-0.03910183161497116,0.999932050704956,0.5240522623062134,0.253033310174942,-0.0160372331738472,0.9999045133590698,0.5877123475074768,0.30520734190940857,-0.05267063528299332,0.9999475479125977,0.508820116519928,0.285280704498291,0.11938950419425964,0.9996901154518127,0.5498219132423401,0.3889200985431671,-0.18507251143455505,0.9874367117881775,0.4377068281173706,0.2888484299182892,0.13000814616680145,0.9097680449485779,0.516096830368042,0.27892595529556274,-0.2945936918258667,0.9767356514930725,0.3805447816848755,0.22456204891204834,0.034604329615831375,0.9435287117958069,0.5095987915992737,0.2568064033985138,-0.3283260464668274,0.9632012844085693,0.36245301365852356,0.21176083385944366,0.01702800951898098,0.9151078462600708,0.5145185589790344,0.24701794981956482,-0.3160669505596161,0.9615502953529358,0.3624289929866791,0.20592272281646729,-0.007528393995016813,0.9124096632003784,0.5166587233543396,0.2544700503349304,-0.29201406240463257,0.9523559212684631,0.3676130175590515,0.21013011038303375,0.018602529540657997,0.9050251841545105,0.5628000497817993,0.548004686832428,-0.06885452568531036,0.9998791217803955,0.5232732892036438,0.5468848943710327,0.06899084150791168,0.999210000038147,0.5353963971138,0.7459877133369446,-0.20968741178512573,0.9697425365447998,0.5396033525466919,0.7322057485580444,0.15616542100906372,0.3571503460407257,0.5358129143714905,0.9589059352874756,-0.3103887140750885,0.9749327898025513,0.5658724904060364,0.8648304343223572,0.29424652457237244,0.36081695556640625,0.5467832684516907,0.986188530921936,-0.3226839601993561,0.9324278235435486,0.5743250250816345,0.8891162276268005,0.30535829067230225,0.45154353976249695,0.5041437149047852,1.008075475692749,-0.42801859974861145,0.9679190516471863,0.5391120314598083,0.9309890866279602,0.25929126143455505,0.4838598966598511
punch_a_3,26,867,good,0.5229419469833374,0.23502805829048157,-0.04496804624795914,0.9999713897705078,0.529590904712677,0.215427964925766,-0.04918250814080238,0.999966025352478,0.5337792038917542,0.21363621950149536,-0.04920168220996857,0.9999682903289795,0.538194477558136,0.21198780834674835,-0.04925280436873436,0.999963641166687,0.5216089487075806,0.21895146369934082,-0.0322602316737175,0.9999485611915588,0.5195754170417786,0.2195587009191513,-0.032265886664390564,0.9999262690544128,0.5177425146102905,0.22003218531608582,-0.032295409590005875,0.9999317526817322,0.5519079566001892,0.21439138054847717,-0.020578814670443535,0.9999449253082275,0.5227734446525574,0.21967992186546326,0.048144929111003876,0.999919056892395,0.5336907505989075,0.2488110065460205,-0.032482780516147614,0.999934196472168,0.5236522555351257,0.25128281116485596,-0.010353644378483295,0.9999070763587952,0.5870649814605713,0.30354270339012146,-0.04881058260798454,0.9999483823776245,0.5091010332107544,0.285848468542099,0.11960560828447342,0.9996960163116455,0.5469095706939697,0.38797321915626526,-0.1703341156244278,0.987726628780365,0.4385400414466858,0.29757043719291687,0.13147084414958954,0.9161795973777771,0.5161811113357544,0.2783966362476349,-0.24713584780693054,0.978040874004364,0.3866110146045685,0.22329701483249664,0.03657405823469162,0.9477043747901917,0.5096105337142944,0.2543289363384247,-0.2755102217197418,0.9650245308876038,0.3700702488422394,0.2058071345090866,0.018600735813379288,0.9206996560096741,0.5145556330680847,0.24435733258724213,-0.26302608847618103,0.9634444713592529,0.3702930808067322,0.19913895428180695,-0.002198078203946352,0.9184596538543701,0.516700029373169,0.25217118859291077,-0.24321964383125305,0.9544988870620728,0.3764006793498993,0.2038654386997223,0.022198386490345,0.9119157195091248,0.5626224875450134,0.5479920506477356,-0.06889273971319199,0.9998722672462463,0.5233933925628662,0.5469179153442383,0.06903684884309769,0.999157726764679,0.5349559187889099,0.7446708679199219,-0.20869313180446625,0.9689226746559143,0.5396061539649963,0.7321367859840393,0.1536606252193451,0.3517853319644928,0.5358131527900696,0.9579182863235474,-0.3084051311016083,0.9744269251823425,0.5659571290016174,0.8650831580162048,0.29387542605400085,0.3515555262565613,0.5477445125579834,0.9862653017044067,-0.32045403122901917,0.9312683939933777,0.5755237340927124,0.8999764919281006,0.3048429787158966,0.44472557306289673,0.5017520785331726,1.015973448753357,-0.4240545630455017,0.9669866561889648,0.5402895212173462,0.9305698871612549,0.2566997706890106,0.47187623381614685
punch_a_3,27,900,good,0.5196495056152344,0.23533344268798828,-0.004826632793992758,0.9999732971191406,0.5263534188270569,0.21567438542842865,-0.005343356169760227,0.9999683499336243,0.5306494235992432,0.21392975747585297,-0.005349782761186361,0.9999704360961914,0.5349869132041931,0.21230274438858032,-0.005399716552346945,0.9999662637710571,0.5191253423690796,0.21917077898979187,0.010749130509793758,0.9999521970748901,0.5174463987350464,0.2197873741388321,0.010751156136393547,0.9999312162399292,0.5159122347831726,0.22027195990085602,0.01072946097701788,0.999936580657959,0.5502110123634338,0.21463419497013092,0.026197804138064384,0.9999487400054932,0.52186119556427,0.21991777420043945,0.0986790806055069,0.99992436170578,0.5307263135910034,0.24898973107337952,0.009639070369303226,0.9999388456344604,0.5219305157661438,0.2514992654323578,0.03085809201002121,0.9999135732650757,0.5859566926956177,0.3026449680328369,-0.009829866699874401,0.9999510049819946,0.5091878175735474,0.2883712351322174,0.16063237190246582,0.9997028708457947,0.5460692644119263,0.38483569025993347,-0.12036952376365662,0.9881604909896851,0.4394639730453491,0.31766456365585327,0.15348918735980988,0.9221161603927612,0.5161331295967102,0.274830162525177,-0.19153812527656555,0.9793998003005981,0.4064658582210541,0.22408734261989594,0.05376170948147774,0.9515331983566284,0.5088788270950317,0.2493353635072708,-0.21715083718299866,0.9668647646903992,0.39714422821998596,0.20552198588848114,0.03457381948828697,0.9255329370498657,0.5133344531059265,0.23983900249004364,-0.20451800525188446,0.9653297066688538,0.3999536633491516,0.19845812022686005,0.02384413406252861,0.923499345779419,0.5161049365997314,0.24721328914165497,-0.18666131794452667,0.9565170407295227,0.40472763776779175,0.20335859060287476,0.043924830853939056,0.9175344109535217,0.5625035166740417,0.5480807423591614,-0.07076018303632736,0.9998779892921448,0.5236305594444275,0.5472738146781921,0.07092483341693878,0.9991791248321533,0.5324033498764038,0.7430676221847534,-0.2287561148405075,0.9688934087753296,0.5396502614021301,0.7320920825004578,0.1623489409685135,0.3423789441585541,0.5357659459114075,0.9570879936218262,-0.35816532373428345,0.9746350646018982,0.5687962770462036,0.8653238415718079,0.29089516401290894,0.34012243151664734,0.5461165904998779,0.9844068884849548,-0.3730100691318512,0.9310462474822998,0.5791515111923218,0.8988648056983948,0.30110877752304077,0.43731582164764404,0.4990234971046448,1.0153590440750122,-0.48347073793411255,0.9673434495925903,0.5404006242752075,0.9307724833488464,0.2563999593257904,0.4627215564250946
punch_a_3,28,934,good,0.5160948038101196,0.23601216077804565,-0.016138343140482903,0.99997478723526,0.5223566889762878,0.217187762260437,-0.018855661153793335,0.9999703168869019,0.5260419845581055,0.21550534665584564,-0.018861422315239906,0.9999722838401794,0.5302921533584595,0.21370656788349152,-0.01890852488577366,0.999968409538269,0.5160316824913025,0.2202223390340805,-0.0010351086966693401,0.9999553561210632,0.5149645805358887,0.22056257724761963,-0.0010328752687200904,0.9999358654022217,0.5139414668083191,0.22078979015350342,-0.0010519393254071474,0.9999410510063171,0.5472097992897034,0.2149021178483963,0.017817961052060127,0.9999517202377319,0.5213002562522888,0.220338836312294,0.08627539128065109,0.9999287128448486,0.5271242260932922,0.24911539256572723,-0.00371989281848073,0.9999420046806335,0.5199390649795532,0.2516523599624634,0.0194325540214777,0.9999182224273682,0.5852863192558289,0.3010179400444031,-0.021015247330069542,0.9999523758888245,0.5099460482597351,0.2921310365200043,0.15054434537887573,0.9996983408927917,0.5427858829498291,0.3691278100013733,-0.11708962917327881,0.9884801506996155,0.4437474310398102,0.33676281571388245,0.09187109768390656,0.9255977272987366,0.5157252550125122,0.2691790759563446,-0.14072135090827942,0.9797930717468262,0.4283405840396881,0.22715234756469727,-0.07286928594112396,0.9538522362709045,0.5089303851127625,0.24535709619522095,-0.15970638394355774,0.9669641256332397,0.42392581701278687,0.20663222670555115,-0.1012154147028923,0.9278081655502319,0.5133602619171143,0.23561812937259674,-0.1527079939842224,0.9654174447059631,0.4267351031303406,0.20001575350761414,-0.09688246250152588,0.9256211519241333,0.5159123539924622,0.2414628267288208,-0.13659802079200745,0.9561992883682251,0.4294266402721405,0.2045608013868332,-0.07741370052099228,0.9197120666503906,0.5623201131820679,0.5474662780761719,-0.0729135274887085,0.9998810887336731,0.5237849950790405,0.5472370386123657,0.07307407259941101,0.9991908073425293,0.5320150256156921,0.7412886619567871,-0.22345513105392456,0.9678601026535034,0.5397172570228577,0.7314981818199158,0.17198863625526428,0.3289991617202759,0.5357662439346313,0.9565396904945374,-0.3498791456222534,0.9746586084365845,0.5689929723739624,0.8655078411102295,0.285560667514801,0.33182913064956665,0.5454386472702026,0.9828161001205444,-0.3648098111152649,0.9313223361968994,0.580862820148468,0.8981459736824036,0.2947506606578827,0.4349239468574524,0.4974021017551422,1.0142189264297485,-0.47425928711891174,0.96767258644104,0.5404158234596252,0.9307836294174194,0.2510323226451874,0.45948949456214905
punch_a_3,29,967,good,0.5147365927696228,0.23614753782749176,-0.01885397918522358,0.9999764561653137,0.520487904548645,0.21760894358158112,-0.022172413766384125,0.9999724626541138,0.5240470767021179,0.2160201221704483,-0.022182967513799667,0.9999743103981018,0.5281317234039307,0.2142477035522461,-0.02222687005996704,0.9999706745147705,0.5148550271987915,0.22030319273471832,-0.003671526676043868,0.9999588131904602,0.5140923261642456,0.22060269117355347,-0.0036634390708059072,0.9999408721923828,0.513310968875885,0.22085285186767578,-0.0036855717189610004,0.9999458193778992,0.5462716817855835,0.2153635025024414,0.014107299037277699,0.999954879283905,0.5213123559951782,0.22078552842140198,0.08446812629699707,0.9999337792396545,0.5258178114891052,0.2493423968553543,-0.007187608163803816,0.999944806098938,0.5190322995185852,0.25180861353874207,0.0170245710760355,0.9999227523803711,0.5838872790336609,0.3004857897758484,-0.023623811081051826,0.9999511241912842,0.5133101940155029,0.30354347825050354,0.14636848866939545,0.9996926188468933,0.5383710265159607,0.3524823784828186,-0.11724629998207092,0.9878624677658081,0.4495983123779297,0.34991559386253357,0.053043920546770096,0.926602303981781,0.5152415633201599,0.25301802158355713,-0.14450399577617645,0.977867841720581,0.4486129581928253,0.23664197325706482,-0.13727135956287384,0.9538902640342712,0.5092957615852356,0.23258405923843384,-0.1616925299167633,0.9636041522026062,0.44924288988113403,0.2133697122335434,-0.16815081238746643,0.9261096119880676,0.5141910910606384,0.22511032223701477,-0.1554529070854187,0.9618514776229858,0.4524565637111664,0.20967555046081543,-0.15554659068584442,0.9231846332550049,0.5159339308738708,0.23172146081924438,-0.1409902423620224,0.9515335559844971,0.4559344947338104,0.21567745506763458,-0.13846008479595184,0.9168031811714172,0.5613099336624146,0.547938883304596,-0.0728464275598526,0.9998865723609924,0.5248429179191589,0.5493308901786804,0.07299838215112686,0.9992195963859558,0.5317779779434204,0.742746889591217,-0.22574594616889954,0.9657914042472839,0.5399883985519409,0.7308932542800903,0.1725892722606659,0.31270965933799744,0.5358675122261047,0.9582474231719971,-0.36144617199897766,0.9740258455276489,0.5695695877075195,0.8708580136299133,0.28182971477508545,0.3216078281402588,0.5467718243598938,0.98238605260849,-0.37704724073410034,0.9301080107688904,0.5814107656478882,0.90183424949646,0.291386216878891,0.4307454228401184,0.49661192297935486,1.0142265558242798,-0.48613879084587097,0.9677653908729553,0.539746105670929,0.9357486963272095,0.24691756069660187,0.45660045742988586
punch_a_3,30,1001,good,0.5151018500328064,0.2372702956199646,-0.01701352745294571,0.9999744296073914,0.5196685194969177,0.21936719119548798,-0.02434183843433857,0.9999716877937317,0.5225361585617065,0.21772195398807526,-0.02435676008462906,0.9999737739562988,0.5257212519645691,0.21577271819114685,-0.024409113451838493,0.9999703168869019,0.5151495933532715,0.22154223918914795,-0.003896292531862855,0.9999571442604065,0.5145212411880493,0.22160418331623077,-0.003862065030261874,0.9999387860298157,0.5137123465538025,0.22157089412212372,-0.0038795522414147854,0.9999445676803589,0.5430173873901367,0.21547241508960724,-0.021067028865218163,0.9999528527259827,0.52205491065979,0.2208925187587738,0.08161163330078125,0.9999297261238098,0.5252348184585571,0.24961869418621063,-0.010510014370083809,0.9999378323554993,0.5194141268730164,0.25202327966690063,0.015278019942343235,0.9999140501022339,0.580765426158905,0.29754412174224854,-0.04956626519560814,0.9999497532844543,0.5237248539924622,0.30666035413742065,0.136208638548851,0.9996275901794434,0.5274421572685242,0.3469025194644928,-0.09423720836639404,0.9868081212043762,0.46324971318244934,0.3595840334892273,0.07056786119937897,0.9093340635299683,0.5065151453018188,0.246986985206604,-0.04857444763183594,0.972703754901886,0.47200679779052734,0.24907611310482025,-0.04520688205957413,0.938758134841919,0.5024909377098083,0.2278282642364502,-0.05424302816390991,0.9563868641853333,0.4741552770137787,0.22645598649978638,-0.06181924790143967,0.9050359129905701,0.5130062103271484,0.21876633167266846,-0.053524576127529144,0.9545565843582153,0.4767700731754303,0.22291672229766846,-0.037560708820819855,0.9009615778923035,0.5143579244613647,0.2265319675207138,-0.04525028169155121,0.9428174495697021,0.478899747133255,0.2317216843366623,-0.03478699550032616,0.8921953439712524,0.560104250907898,0.5467171669006348,-0.07420309633016586,0.999888002872467,0.5292198061943054,0.5477966070175171,0.07437966763973236,0.999214231967926,0.5318920016288757,0.7441276907920837,-0.20931275188922882,0.963695228099823,0.5400492548942566,0.7250528335571289,0.16922546923160553,0.30808642506599426,0.5396848320960999,0.9615957736968994,-0.33393988013267517,0.9739143252372742,0.5695682168006897,0.8713557124137878,0.25145065784454346,0.32506299018859863,0.5485300421714783,0.9824738502502441,-0.3476734757423401,0.9315172433853149,0.5813883543014526,0.9021421670913696,0.25803327560424805,0.44031238555908203,0.5008286833763123,1.013810157775879,-0.43680211901664734,0.9681990742683411,0.541525661945343,0.9357510209083557,0.22962714731693268,0.4667696952819824
punch_a_3,31,1034,good,0.5152966380119324,0.24195197224617004,-0.00841625314205885,0.9999697804450989,0.5194928050041199,0.22336041927337646,-0.018926357850432396,0.9999678134918213,0.522195041179657,0.22167843580245972,-0.018945781514048576,0.9999708533287048,0.5250517725944519,0.21975122392177582,-0.018999407067894936,0.9999672174453735,0.5152605772018433,0.22522124648094177,0.002854317659512162,0.9999513030052185,0.514719545841217,0.225229874253273,0.002892247634008527,0.9999313950538635,0.5139684081077576,0.2250966876745224,0.0028562371153384447,0.9999383687973022,0.5412319898605347,0.21710960566997528,-0.02421198971569538,0.9999451637268066,0.5227484107017517,0.22240710258483887,0.0786694809794426,0.9999164342880249,0.5250335931777954,0.2542360723018646,-0.006624442525207996,0.9999182820320129,0.5196521282196045,0.25663062930107117,0.021759236231446266,0.9998881220817566,0.5768343806266785,0.29538625478744507,-0.057218536734580994,0.9999464750289917,0.526620090007782,0.3091092109680176,0.13746444880962372,0.9995422959327698,0.5185942053794861,0.3456111252307892,-0.078985296189785,0.985668957233429,0.47611722350120544,0.37231847643852234,0.13538578152656555,0.888185977935791,0.4988345205783844,0.2504997253417969,-0.012335998937487602,0.9669069647789001,0.48100411891937256,0.25754138827323914,0.07611997425556183,0.9196776151657104,0.4976297914981842,0.23030850291252136,-0.015237475745379925,0.9488071203231812,0.4853161871433258,0.23372456431388855,0.06404849141836166,0.8802019357681274,0.50723797082901,0.22159406542778015,-0.01826738566160202,0.9469148516654968,0.4889470636844635,0.2314637005329132,0.07127608358860016,0.8752949237823486,0.509482204914093,0.22909460961818695,-0.009790410287678242,0.9340250492095947,0.4902782142162323,0.24095506966114044,0.07658718526363373,0.8638100624084473,0.5581738352775574,0.5469487309455872,-0.07896879315376282,0.9998841881752014,0.5326085686683655,0.5483817458152771,0.07914341986179352,0.999193012714386,0.5318772792816162,0.7462857961654663,-0.19923217594623566,0.9636706113815308,0.5424426198005676,0.7250950336456299,0.16652078926563263,0.3125041127204895,0.5394132733345032,0.9613583087921143,-0.30873802304267883,0.9740292429924011,0.5698114633560181,0.8751725554466248,0.24753765761852264,0.33990249037742615,0.5491139888763428,0.9825227856636047,-0.32051053643226624,0.9343384504318237,0.5816819667816162,0.9050559997558594,0.25403016805648804,0.4605640172958374,0.4996974766254425,1.0085949897766113,-0.40252017974853516,0.968591570854187,0.5403673052787781,0.9327848553657532,0.22849176824092865,0.48364895582199097
punch_a_3,32,1067,good,0.514863908290863,0.2475515902042389,0.004163098521530628,0.999961256980896,0.5187222957611084,0.2286176234483719,-0.008593411184847355,0.9999619722366333,0.5213329792022705,0.2267795354127884,-0.00861409679055214,0.9999663829803467,0.5241011381149292,0.22468893229961395,-0.008679159916937351,0.9999627470970154,0.5147935152053833,0.2307322770357132,0.014441730454564095,0.9999407529830933,0.5144229531288147,0.2307887226343155,0.014497587457299232,0.9999176263809204,0.513870120048523,0.23065057396888733,0.014459769241511822,0.9999266862869263,0.5400490164756775,0.21981999278068542,-0.02408721297979355,0.999935507774353,0.5232161283493042,0.2253638207912445,0.08013225346803665,0.9998962879180908,0.5245391130447388,0.25966504216194153,0.00182620610576123,0.9998920559883118,0.5195825099945068,0.2621428966522217,0.03231719881296158,0.9998490810394287,0.5757845640182495,0.29399538040161133,-0.05996417626738548,0.9999458193778992,0.5314483046531677,0.3111106753349304,0.14082187414169312,0.9994201064109802,0.5155943632125854,0.34858229756355286,-0.07514326274394989,0.9845881462097168,0.4828912019729614,0.3798285126686096,0.1552339494228363,0.8557096123695374,0.4982644319534302,0.2522389590740204,-0.003991748671978712,0.9604482650756836,0.48767730593681335,0.26859474182128906,0.10224093496799469,0.8885728120803833,0.49785056710243225,0.2311454564332962,-0.007139032706618309,0.9404581785202026,0.49034011363983154,0.24709032475948334,0.09088966995477676,0.8445068001747131,0.5067412853240967,0.22315067052841187,-0.010763975791633129,0.9385605454444885,0.49403053522109985,0.243308424949646,0.09485769271850586,0.8388068079948425,0.5084646344184875,0.23057855665683746,-0.0015919003635644913,0.9243747591972351,0.49529504776000977,0.25214847922325134,0.10085134208202362,0.8251439332962036,0.5580001473426819,0.5465702414512634,-0.08223569393157959,0.9998823404312134,0.5373190641403198,0.5483977794647217,0.08243384212255478,0.999154806137085,0.5312669277191162,0.7466017007827759,-0.19837884604930878,0.9616150856018066,0.5425029397010803,0.7251632213592529,0.1669728308916092,0.30286726355552673,0.5414804816246033,0.9649820923805237,-0.3081500232219696,0.9727708101272583,0.5698598623275757,0.8751242756843567,0.25002989172935486,0.3365691304206848,0.5495165586471558,0.9830054640769958,-0.32016438245773315,0.934158444404602,0.5817149877548218,0.907336950302124,0.25684458017349243,0.4643426239490509,0.49971625208854675,1.0074760913848877,-0.4043392539024353,0.9678139090538025,0.5403425693511963,0.9348767399787903,0.22939424216747284,0.48606839776039124
punch_a_3,33,1101,good,0.5148320198059082,0.25378525257110596,-0.0017820853972807527,0.99995356798172,0.5185216665267944,0.23448416590690613,-0.014187784865498543,0.9999561905860901,0.520988404750824,0.2324947714805603,-0.014201159588992596,0.9999625086784363,0.5235821008682251,0.23020519316196442,-0.014260102063417435,0.9999581575393677,0.5148372054100037,0.2366587072610855,0.007879501208662987,0.999930202960968,0.5145020484924316,0.23666414618492126,0.007923418655991554,0.9999061226844788,0.5139890313148499,0.23647823929786682,0.007878806442022324,0.9999157190322876,0.5390129089355469,0.22321859002113342,-0.03841133788228035,0.9999281764030457,0.5240361094474792,0.22953437268733978,0.07044699788093567,0.9998809695243835,0.5240839123725891,0.2651981711387634,-0.0023335639853030443,0.9998685121536255,0.5195947885513306,0.26767897605895996,0.026432771235704422,0.9998100996017456,0.575339138507843,0.29316815733909607,-0.07711708545684814,0.9999457597732544,0.534615695476532,0.3119906485080719,0.1346408575773239,0.9993757009506226,0.5178508162498474,0.35080423951148987,-0.08535032719373703,0.9844263792037964,0.48514047265052795,0.3840808868408203,0.1428144872188568,0.829422652721405,0.4987860918045044,0.25430506467819214,-0.012614278122782707,0.9581432938575745,0.49023008346557617,0.27537021040916443,0.07566997408866882,0.8614876866340637,0.4980508089065552,0.2319435328245163,-0.014016786590218544,0.9370680451393127,0.4933267831802368,0.2542074918746948,0.06504637748003006,0.8129476308822632,0.505607545375824,0.22515445947647095,-0.01944638229906559,0.9351234436035156,0.4961394965648651,0.24847610294818878,0.06971338391304016,0.8063375353813171,0.5069226622581482,0.23438392579555511,-0.010556666180491447,0.9205388426780701,0.4971878230571747,0.2572612762451172,0.07432334125041962,0.7905982136726379,0.5580310225486755,0.5469092130661011,-0.0842820256948471,0.9998689889907837,0.5402013063430786,0.5489717721939087,0.08447020500898361,0.9991106986999512,0.5300003886222839,0.7489839792251587,-0.17263343930244446,0.9601500630378723,0.5426234006881714,0.7287638187408447,0.1515924334526062,0.2980313003063202,0.5408933162689209,0.9610082507133484,-0.2551267445087433,0.9698978066444397,0.5663278698921204,0.8904176354408264,0.2114287167787552,0.34064731001853943,0.5495908260345459,0.9828623533248901,-0.26450279355049133,0.9342411160469055,0.5816429257392883,0.908668041229248,0.21570275723934174,0.47618815302848816,0.5025730729103088,0.9990175366401672,-0.3356923460960388,0.9656887650489807,0.5364314317703247,0.9435889720916748,0.19022443890571594,0.4935228228569031
punch_a_3,34,1134,good,0.5150735378265381,0.2606588304042816,0.0068156230263412,0.9999192357063293,0.518581748008728,0.24033194780349731,-0.008663656190037727,0.9999334216117859,0.5209267735481262,0.23861145973205566,-0.008683874271810055,0.9999460577964783,0.5233743786811829,0.23659513890743256,-0.008758063428103924,0.999941885471344,0.5150121450424194,0.24186664819717407,0.016145603731274605,0.9998774528503418,0.514583945274353,0.2416670322418213,0.01621534861624241,0.9998363852500916,0.5142000913619995,0.2412761002779007,0.016184354200959206,0.9998509287834167,0.5386894941329956,0.22858372330665588,-0.038842108100652695,0.9999005794525146,0.5257071852684021,0.2339131087064743,0.07289782911539078,0.9997661113739014,0.5243384838104248,0.27214735746383667,0.0004104061226826161,0.9997748732566833,0.5197056531906128,0.27380838990211487,0.03277520462870598,0.9996206760406494,0.5749512910842896,0.2932114899158478,-0.08317530155181885,0.9999434351921082,0.5372950434684753,0.31529638171195984,0.13542626798152924,0.9990755319595337,0.513588011264801,0.35170549154281616,-0.08555112779140472,0.9833173155784607,0.4918442666530609,0.38945403695106506,0.15233482420444489,0.7747451066970825,0.49982959032058716,0.2547953724861145,0.007419872097671032,0.9508134722709656,0.4959395229816437,0.288900762796402,0.10668791085481644,0.8026744723320007,0.498710960149765,0.2357841432094574,0.0073996661230921745,0.9278823137283325,0.49837377667427063,0.25649166107177734,0.0983591303229332,0.7563876509666443,0.5060921907424927,0.22676371037960052,0.002153904875740409,0.9261608719825745,0.5011537075042725,0.25556886196136475,0.10036328434944153,0.7498300075531006,0.5074623823165894,0.23736120760440826,0.00989429373294115,0.9107208847999573,0.503075122833252,0.26013168692588806,0.10416866093873978,0.734153151512146,0.5577743649482727,0.5469163060188293,-0.0865594819188118,0.9998564124107361,0.5411474108695984,0.5492615699768066,0.08675871789455414,0.9990174770355225,0.5284478068351746,0.7469250559806824,-0.16793419420719147,0.9544323682785034,0.5414400696754456,0.7267282605171204,0.15180380642414093,0.2906665503978729,0.538798987865448,0.9602232575416565,-0.2391970306634903,0.9659593105316162,0.5658178925514221,0.890258252620697,0.2218262255191803,0.34148675203323364,0.5490769147872925,0.9805647134780884,-0.24700713157653809,0.9321708679199219,0.5810273289680481,0.9082977771759033,0.2273901402950287,0.4828702211380005,0.5040423274040222,0.9996915459632874,-0.3129143714904785,0.9623732566833496,0.5365484356880188,0.9451512098312378,0.20224028825759888,0.4957229495048523
punch_a_3,35,1167,good,0.515245795249939,0.26342782378196716,0.0170912928879261,0.9999029040336609,0.5187233686447144,0.24348245561122894,0.000788441626355052,0.9999213218688965,0.5209628939628601,0.24182529747486115,0.0007726416806690395,0.9999381899833679,0.523281991481781,0.23984751105308533,0.000707416154909879,0.9999324679374695,0.5150646567344666,0.24483667314052582,0.025294141843914986,0.999853789806366,0.5148187279701233,0.24458278715610504,0.025357211008667946,0.9998107552528381,0.5147691965103149,0.24410338699817657,0.02532012201845646,0.9998265504837036,0.5384787321090698,0.23237766325473785,-0.034647151827812195,0.9998868107795715,0.5275453925132751,0.23684769868850708,0.07712166011333466,0.9997292757034302,0.524474024772644,0.2750040888786316,0.008888955228030682,0.9997189044952393,0.5199255347251892,0.2766549587249756,0.04115741327404976,0.9995262622833252,0.5749651789665222,0.2934589982032776,-0.0787278562784195,0.9999439716339111,0.5395566821098328,0.3184940218925476,0.1399121880531311,0.9990105628967285,0.5126670598983765,0.35283198952674866,-0.07817981392145157,0.9822018146514893,0.4920865297317505,0.39151039719581604,0.14859871566295624,0.7413077354431152,0.5001925826072693,0.2696060240268707,0.0063752708956599236,0.9428393840789795,0.49489787220954895,0.2938591241836548,0.08617053925991058,0.7668839693069458,0.4990265667438507,0.2456543743610382,0.006807640660554171,0.9180550575256348,0.49769386649131775,0.26177290081977844,0.07670463621616364,0.7194989323616028,0.5061054825782776,0.24111048877239227,-0.0009617786854505539,0.9165143966674805,0.5017702579498291,0.2563144266605377,0.08127297461032867,0.7125352621078491,0.507381796836853,0.25173309445381165,0.00789208710193634,0.9001340866088867,0.5029646158218384,0.26423153281211853,0.084528349339962,0.6959425210952759,0.5577572584152222,0.5472400188446045,-0.0872407928109169,0.9998478293418884,0.5426707863807678,0.5507741570472717,0.0873786062002182,0.9989926815032959,0.5266833901405334,0.7468258738517761,-0.164992094039917,0.946990966796875,0.5394635796546936,0.7280037999153137,0.139292910695076,0.27520525455474854,0.5370963215827942,0.9583648443222046,-0.24268195033073425,0.9593087434768677,0.5607488751411438,0.9001615047454834,0.18230773508548737,0.32818812131881714,0.5490596890449524,0.9797526001930237,-0.2508464753627777,0.9283416271209717,0.5741978287696838,0.9148391485214233,0.1851685494184494,0.4760650098323822,0.5011564493179321,0.9995625615119934,-0.3121910095214844,0.9574052095413208,0.5304901599884033,0.9504076838493347,0.16297458112239838,0.4839015305042267
punch_a_3,36,1201,good,0.5153935551643372,0.26835599541664124,0.018747977912425995,0.9998883605003357,0.5188871622085571,0.24830882251262665,0.002122339094057679,0.9999122023582458,0.5210649967193604,0.2465456873178482,0.0021099282894283533,0.9999327063560486,0.5232897996902466,0.24443814158439636,0.002038022968918085,0.9999260902404785,0.5152443647384644,0.24952776730060577,0.026907896623015404,0.9998319745063782,0.515283465385437,0.2490966022014618,0.026979682967066765,0.9997850656509399,0.5155128240585327,0.24840065836906433,0.026955002918839455,0.9998014569282532,0.5382721424102783,0.2374667376279831,-0.03429931029677391,0.9998798370361328,0.5286388993263245,0.24150577187538147,0.07819057255983353,0.9996892809867859,0.5246160626411438,0.27943336963653564,0.00978771410882473,0.9996805787086487,0.5206664800643921,0.2808385491371155,0.042400289326906204,0.9994457960128784,0.5749379396438599,0.2946687936782837,-0.08385762572288513,0.9999454617500305,0.5422325730323792,0.32009878754615784,0.14194250106811523,0.9989537596702576,0.5093594193458557,0.35491088032722473,-0.07538721710443497,0.9812241196632385,0.4941352605819702,0.3880009055137634,0.1550087183713913,0.7091350555419922,0.5004171133041382,0.26981258392333984,0.030800174921751022,0.9334526062011719,0.4963713586330414,0.2881617248058319,0.10399965196847916,0.7284514904022217,0.49932172894477844,0.24593254923820496,0.03281937912106514,0.9064939022064209,0.49902206659317017,0.258984237909317,0.09712932258844376,0.6813742518424988,0.5063468217849731,0.24207879602909088,0.025451550260186195,0.9052447080612183,0.5042439103126526,0.25298580527305603,0.10213577747344971,0.6740579605102539,0.5076251029968262,0.2524282932281494,0.03290723264217377,0.8880277872085571,0.5046678185462952,0.2616150677204132,0.10296683758497238,0.6566756367683411,0.5578563213348389,0.5479055047035217,-0.08919529616832733,0.9998448491096497,0.5437175035476685,0.5515081882476807,0.08933956176042557,0.9989904165267944,0.5257251858711243,0.7417234182357788,-0.17060059309005737,0.9385243058204651,0.5380086898803711,0.7276677489280701,0.1424502283334732,0.25874629616737366,0.5401515364646912,0.9569612741470337,-0.2506788372993469,0.9513877630233765,0.5569108128547668,0.8987647891044617,0.19883838295936584,0.3127364218235016,0.5504624843597412,0.979011595249176,-0.25876909494400024,0.9230028986930847,0.570451021194458,0.9185818433761597,0.20304261147975922,0.46600598096847534,0.5017173886299133,1.002880334854126,-0.3197654187679291,0.9512838125228882,0.5271417498588562,0.9494438171386719,0.18042045831680298,0.4683806300163269
punch_a_3,37,1234,good,0.5154563188552856,0.2682605981826782,0.019502107053995132,0.9998821020126343,0.5185213685035706,0.24866199493408203,0.0031692294869571924,0.9999088644981384,0.5204726457595825,0.24687819182872772,0.003153636120259762,0.9999308586120605,0.5224258303642273,0.2447831928730011,0.0030837045051157475,0.9999235272407532,0.5153294801712036,0.2500222325325012,0.028375206515192986,0.999823272228241,0.5153604745864868,0.24959687888622284,0.028438491746783257,0.99977707862854,0.5155313611030579,0.24888373911380768,0.02841377630829811,0.9997937083244324,0.5373792052268982,0.23861224949359894,-0.03292526304721832,0.9998784065246582,0.5289062857627869,0.2424910068511963,0.08180337399244308,0.9996770620346069,0.5245742797851562,0.27925971150398254,0.010760350152850151,0.99965900182724,0.5207467675209045,0.28095901012420654,0.04380807653069496,0.9994008541107178,0.5750429034233093,0.2958894371986389,-0.08267688006162643,0.9999467134475708,0.5413145422935486,0.32194751501083374,0.14579711854457855,0.9989191293716431,0.5109380483627319,0.3561844825744629,-0.08119366317987442,0.9803470969200134,0.4934706687927246,0.3878794014453888,0.14185896515846252,0.6848711371421814,0.500679612159729,0.2730061113834381,0.008137710392475128,0.9278807640075684,0.496107280254364,0.28660574555397034,0.05271542817354202,0.7023642063140869,0.499369740486145,0.2543093264102936,0.0074350242502987385,0.8990651965141296,0.49877211451530457,0.2587675452232361,0.04204554110765457,0.6540034413337708,0.5064470171928406,0.24602271616458893,0.001458731945604086,0.8978580236434937,0.5024765729904175,0.2529323399066925,0.051680125296115875,0.6460245251655579,0.5076854228973389,0.25625884532928467,0.010413858108222485,0.8798194527626038,0.5030084252357483,0.262393981218338,0.05232492461800575,0.6280938982963562,0.558614194393158,0.5479356646537781,-0.08954019844532013,0.9998412728309631,0.5435746908187866,0.5517491102218628,0.08966250717639923,0.9989944696426392,0.5258963704109192,0.7361022233963013,-0.1662270575761795,0.9314548969268799,0.536994218826294,0.725929856300354,0.13626669347286224,0.24457675218582153,0.5404260158538818,0.9530208110809326,-0.2368071973323822,0.9440781474113464,0.5551022291183472,0.8973678946495056,0.17685078084468842,0.29973605275154114,0.5510289669036865,0.976127564907074,-0.24402156472206116,0.9176082611083984,0.5686209797859192,0.9189772605895996,0.1795392483472824,0.45749741792678833,0.5015766024589539,1.0034552812576294,-0.3039569854736328,0.9455897808074951,0.526179850101471,0.948854923248291,0.15574966371059418,0.4548320472240448
